# ************************************************************
# Sequel Pro SQL dump
# Version 4541
#
# http://www.sequelpro.com/
# https://github.com/sequelpro/sequelpro
#
# Host: localhost (MySQL 5.7.17-log)
# Database: chereviki_new
# Generation Time: 2017-09-02 19:14:49 +0000
# ************************************************************


/*!40101 SET @OLD_CHARACTER_SET_CLIENT=@@CHARACTER_SET_CLIENT */;
/*!40101 SET @OLD_CHARACTER_SET_RESULTS=@@CHARACTER_SET_RESULTS */;
/*!40101 SET @OLD_COLLATION_CONNECTION=@@COLLATION_CONNECTION */;
/*!40101 SET NAMES utf8 */;
/*!40014 SET @OLD_FOREIGN_KEY_CHECKS=@@FOREIGN_KEY_CHECKS, FOREIGN_KEY_CHECKS=0 */;
/*!40101 SET @OLD_SQL_MODE=@@SQL_MODE, SQL_MODE='NO_AUTO_VALUE_ON_ZERO' */;
/*!40111 SET @OLD_SQL_NOTES=@@SQL_NOTES, SQL_NOTES=0 */;


# Dump of table oc_delivery_auto_city
# ------------------------------------------------------------

DROP TABLE IF EXISTS `oc_delivery_auto_city`;

CREATE TABLE `oc_delivery_auto_city` (
  `city_id` int(11) NOT NULL AUTO_INCREMENT,
  `zone_id` int(11) NOT NULL,
  `name` varchar(128) NOT NULL,
  `code` varchar(32) NOT NULL,
  `status` tinyint(1) NOT NULL DEFAULT '1',
  PRIMARY KEY (`city_id`),
  KEY `name` (`name`)
) ENGINE=MyISAM DEFAULT CHARSET=utf8;

LOCK TABLES `oc_delivery_auto_city` WRITE;
/*!40000 ALTER TABLE `oc_delivery_auto_city` DISABLE KEYS */;

INSERT INTO `oc_delivery_auto_city` (`city_id`, `zone_id`, `name`, `code`, `status`)
VALUES
	(1,1,'Александрия','',1),
	(2,2,'Арциз','',1),
	(3,3,'Ахтырка','',1),
	(4,4,'Балаклея','',1),
	(5,5,'Балта','',1),
	(6,6,'Бахмач','',1),
	(7,7,'Бахмут (Артемовск)','',1),
	(8,8,'Баштанка','',1),
	(9,9,'Белая Церковь','',1),
	(10,10,'Белгород-Днестровский','',1),
	(11,11,'Беловодск','',1),
	(12,12,'Белолуцк','',1),
	(13,13,'Беляевка','',1),
	(14,14,'Бердичев','',1),
	(15,15,'Бердянск','',1),
	(16,16,'Берегово','',1),
	(17,17,'Березань','',1),
	(18,18,'Бобринец','',1),
	(19,19,'Богодухов','',1),
	(20,20,'Богуслав','',1),
	(21,21,'Болград','',1),
	(22,22,'Большая Балка','',1),
	(23,23,'Большая Фосня','',1),
	(24,24,'Борисполь-1','',1),
	(25,25,'Бровары-1','',1),
	(26,25,'Бровары-2','',1),
	(27,26,'Броды','',1),
	(28,27,'Буск','',1),
	(29,28,'Буча','',1),
	(30,30,'Вараш (Кузнецовск)','',1),
	(31,31,'Васильевка','',1),
	(32,32,'Васильков','',1),
	(33,33,'Васьковичи','',1),
	(34,34,'Великая Багачка','',1),
	(35,35,'Винница-1','',1),
	(36,35,'Винница-2','',1),
	(37,35,'Винница-3','',1),
	(38,36,'Виноградов','',1),
	(39,37,'Вишневое','',1),
	(40,38,'Владимир-Волынский','',1),
	(41,39,'Вознесенск','',1),
	(42,40,'Волноваха','',1),
	(43,41,'Володарка','',1),
	(44,42,'Волчанск','',1),
	(45,43,'Вольнянск','',1),
	(46,44,'Вышгород','',1),
	(47,45,'Вязовка','',1),
	(48,46,'Гадяч','',1),
	(49,47,'Гаевичи','',1),
	(50,48,'Гайсин','',1),
	(51,49,'Геническ','',1),
	(52,50,'Глухов','',1),
	(53,51,'Горишние Плавни (Комсомольск)','',1),
	(54,52,'Городище','',1),
	(55,53,'Городня','',1),
	(56,54,'Гошев','',1),
	(57,55,'Гуничи','',1),
	(58,56,'Дедковичи','',1),
	(59,57,'Джанкой','',1),
	(60,58,'Димитрово(Заречное)','',1),
	(61,59,'Днепр-1','',1),
	(62,59,'Днепр-2','',1),
	(63,59,'Днепр-3','',1),
	(64,59,'Днепр-4','',1),
	(65,59,'Днепр-5','',1),
	(66,59,'Днепр-6','',1),
	(67,60,'Доброполье','',1),
	(68,61,'Долина','',1),
	(69,62,'Дрогобыч','',1),
	(70,63,'Дружковка','',1),
	(71,64,'Дубно','',1),
	(72,65,'Дубовый Гай','',1),
	(73,66,'Дунаевцы','',1),
	(74,67,'Евпатория','',1),
	(75,68,'Жашков','',1),
	(76,69,'Желтые Воды','',1),
	(77,70,'Жидачов','',1),
	(78,71,'Житомир-1','',1),
	(79,71,'Житомир-2','',1),
	(80,72,'Жмеринка','',1),
	(81,73,'Закусилы','',1),
	(82,74,'Запорожье-1','',1),
	(83,74,'Запорожье-2','',1),
	(84,74,'Запорожье-3','',1),
	(85,74,'Запорожье-4','',1),
	(86,75,'Заречье','',1),
	(87,76,'Звенигородка','',1),
	(88,77,'Змиев','',1),
	(89,78,'Золотоноша','',1),
	(90,79,'Ивано-Франковск','',1),
	(91,80,'Игнатполь','',1),
	(92,81,'Измаил','',1),
	(93,82,'Изюм','',1),
	(94,83,'Ильинцы','',1),
	(95,84,'Кагарлык','',1),
	(96,85,'Казатин','',1),
	(97,86,'Калиновка Винницкая Обл.','',1),
	(98,87,'Калиновка','',1),
	(99,88,'Калуш','',1),
	(100,89,'Каменец-Подольский-1','',1),
	(101,89,'Каменец-Подольский-2','',1),
	(102,90,'Каменка-Днепровская','',1),
	(103,91,'Каменское (Днепродзержинск)','',1),
	(104,92,'Камень-Каширский','',1),
	(105,93,'Камышеваха','',1),
	(106,94,'Канев','',1),
	(107,95,'Каховка','',1),
	(108,96,'Керчь','',1),
	(109,97,'Киверцы','',1),
	(110,98,'Киев-1','',1),
	(111,98,'Киев-10','',1),
	(112,98,'Киев-11','',1),
	(113,98,'Киев-12','',1),
	(114,98,'Киев-13','',1),
	(115,98,'Киев-14','',1),
	(116,98,'Киев-15','',1),
	(117,98,'Киев-16','',1),
	(118,98,'Киев-2','',1),
	(119,98,'Киев-3','',1),
	(120,98,'Киев-4','',1),
	(121,98,'Киев-5','',1),
	(122,98,'Киев-6','',1),
	(123,98,'Киев-7','',1),
	(124,98,'Киев-8','',1),
	(125,98,'Киев-9','',1),
	(126,99,'Килия','',1),
	(127,100,'Кирово(Таврийское)','',1),
	(128,101,'Ковель-1','',1),
	(129,101,'Ковель-2','',1),
	(130,102,'Козелец','',1),
	(131,103,'Коломыя','',1),
	(132,104,'Конотоп','',1),
	(133,105,'Константиновка','',1),
	(134,106,'Коростень','',1),
	(135,107,'Коростышев','',1),
	(136,108,'Корсунь-Шевченковский','',1),
	(137,109,'Костополь','',1),
	(138,110,'Котельва','',1),
	(139,111,'Коцюбинское','',1),
	(140,112,'Краматорск','',1),
	(141,113,'Красноград','',1),
	(142,114,'Кременчуг-1','',1),
	(143,114,'Кременчуг-2','',1),
	(144,115,'Кривой Рог-1','',1),
	(145,115,'Кривой Рог-2','',1),
	(146,115,'Кривой Рог-3','',1),
	(147,116,'Кролевец','',1),
	(148,117,'Кропивницкий-1 (Кировоград-1)','',1),
	(149,117,'Кропивницкий-2 (Кировоград-2)','',1),
	(150,118,'Купянск','',1),
	(151,119,'Курахово','',1),
	(152,120,'Ладыжин','',1),
	(153,121,'Ласки','',1),
	(154,122,'Левковичи','',1),
	(155,123,'Лиман (Красный Лиман)','',1),
	(156,124,'Лисичанск','',1),
	(157,125,'Лобачи','',1),
	(158,126,'Лозовая','',1),
	(159,127,'Лохвица','',1),
	(160,128,'Лубны','',1),
	(161,130,'Луцк-1','',1),
	(162,130,'Луцк-2','',1),
	(163,130,'Луцк-3','',1),
	(164,131,'Львов-1','',1),
	(165,131,'Львов-2','',1),
	(166,131,'Львов-3','',1),
	(167,132,'Любомль','',1),
	(168,133,'Макаров','',1),
	(169,134,'Малая Фосня','',1),
	(170,135,'Малин','',1),
	(171,136,'Марганец','',1),
	(172,137,'Мариуполь-1','',1),
	(173,137,'Мариуполь-2','',1),
	(174,137,'Мариуполь-3','',1),
	(175,138,'Марковка','',1),
	(176,139,'Межевая','',1),
	(177,140,'Мелитополь','',1),
	(178,141,'Меловое','',1),
	(179,142,'Мерефа','',1),
	(180,143,'Миргород Полтавская Область','',1),
	(181,144,'Мирноград Донецкая Область','',1),
	(182,145,'Мироновка','',1),
	(183,146,'Млинов','',1),
	(184,147,'Могилев-Подольский','',1),
	(185,148,'Можары','',1),
	(186,149,'Монастырище','',1),
	(187,150,'Мостиска','',1),
	(188,151,'Мукачево','',1),
	(189,152,'Народичи','',1),
	(190,153,'Нежин','',1),
	(191,154,'Нетешин','',1),
	(192,155,'Николаев-1','',1),
	(193,155,'Николаев-2','',1),
	(194,156,'Никополь-1','',1),
	(195,157,'Новая Водолага','',1),
	(196,158,'Новая Каховка','',1),
	(197,159,'Нововолынск','',1),
	(198,160,'Новоград-Волынский','',1),
	(199,161,'Новоднестровск','',1),
	(200,162,'Новомосковск','',1),
	(201,163,'Новопсков','',1),
	(202,164,'Новотроицкое','',1),
	(203,165,'Новояворовск','',1),
	(204,166,'Обухов','',1),
	(205,167,'Овруч','',1),
	(206,168,'Одесса-1','',1),
	(207,168,'Одесса-2','',1),
	(208,168,'Одесса-3 - 7Км','',1),
	(209,168,'Одесса-4','',1),
	(210,168,'Одесса-5-7Км','',1),
	(211,168,'Одесса-6-7Км','',1),
	(212,168,'Одесса-7','',1),
	(213,169,'Орехов','',1),
	(214,170,'Остров','',1),
	(215,171,'Павлоград','',1),
	(216,172,'Первомайск Николаевская Обл.','',1),
	(217,173,'Первомайский Харковська Область','',1),
	(218,174,'Переяслав-Хмельницкий','',1),
	(219,175,'Першотравневое','',1),
	(220,176,'Песчаница','',1),
	(221,178,'Пирятин','',1),
	(222,179,'Подольск (Котовск)','',1),
	(223,180,'Подрудье','',1),
	(224,181,'Покров','',1),
	(225,182,'Покровск  (Красноармейск) -1','',1),
	(226,182,'Покровск (Красноармейск) - 2','',1),
	(227,182,'Покровск (Красноармейск) - 3','',1),
	(228,183,'Пологи','',1),
	(229,184,'Полтава-1','',1),
	(230,184,'Полтава-2','',1),
	(231,184,'Полтава-3','',1),
	(232,185,'Потаповичи','',1),
	(233,186,'Прилуки','',1),
	(234,187,'Рава-Русская','',1),
	(235,188,'Раздельная','',1),
	(236,189,'Ратно','',1),
	(237,190,'Рени','',1),
	(238,191,'Решетиловка','',1),
	(239,192,'Ровно-1','',1),
	(240,192,'Ровно-2','',1),
	(241,193,'Ромны','',1),
	(242,194,'Рубежное','',1),
	(243,195,'Самбор','',1),
	(244,196,'Сарны','',1),
	(245,197,'Светловодск','',1),
	(246,198,'Святогорск','',1),
	(247,199,'Севастополь-1','',1),
	(248,200,'Северодонецк','',1),
	(249,201,'Селец','',1),
	(250,202,'Селидово','',1),
	(251,203,'Симферополь-1','',1),
	(252,204,'Скадовск','',1),
	(253,205,'Сквира','',1),
	(254,206,'Славута Хмельницькая Область','',1),
	(255,207,'Славутич Киевськая Область','',1),
	(256,208,'Славянск','',1),
	(257,209,'Словечно','',1),
	(258,210,'Смела','',1),
	(259,211,'Снигиревка','',1),
	(260,213,'Ставище','',1),
	(261,214,'Станица Луганская','',1),
	(262,215,'Старобельск','',1),
	(263,216,'Староконстантинов','',1),
	(264,217,'Сташки','',1),
	(265,218,'Стрый','',1),
	(266,219,'Сумы-1','',1),
	(267,219,'Сумы-2','',1),
	(268,219,'Сумы-3','',1),
	(269,220,'Счастье','',1),
	(270,221,'Тараща','',1),
	(271,222,'Татарбунары','',1),
	(272,223,'Тернополь-1','',1),
	(273,223,'Тернополь-2','',1),
	(274,224,'Тетиев','',1),
	(275,225,'Токмак','',1),
	(276,226,'Томаковка','',1),
	(277,227,'Торецк','',1),
	(278,228,'Тростянец','',1),
	(279,229,'Тячев','',1),
	(280,230,'Ужгород','',1),
	(281,231,'Умань-1','',1),
	(282,231,'Умань-2','',1),
	(283,232,'Фастов','',1),
	(284,233,'Феодосия','',1),
	(285,234,'Харьков-1','',1),
	(286,234,'Харьков-10','',1),
	(287,234,'Харьков-11','',1),
	(288,234,'Харьков-2','',1),
	(289,234,'Харьков-3','',1),
	(290,234,'Харьков-4','',1),
	(291,234,'Харьков-5','',1),
	(292,234,'Харьков-6-Лоск','',1),
	(293,234,'Харьков-7','',1),
	(294,234,'Харьков-8','',1),
	(295,234,'Харьков-9-Лоск','',1),
	(296,235,'Херсон-1','',1),
	(297,235,'Херсон-2','',1),
	(298,236,'Хмельник','',1),
	(299,237,'Хмельницкий-1','',1),
	(300,237,'Хмельницкий-2','',1),
	(301,237,'Хмельницкий-3','',1),
	(302,238,'Хорол','',1),
	(303,239,'Хуст','',1),
	(304,240,'Чаплинка','',1),
	(305,241,'Червоноград','',1),
	(306,242,'Черкассы-1','',1),
	(307,242,'Черкассы-2','',1),
	(308,243,'Чернигов-1','',1),
	(309,243,'Чернигов-2','',1),
	(310,245,'Черновцы-1','',1),
	(311,245,'Черновцы-2','',1),
	(312,246,'Черноморск (Ильичевск)','',1),
	(313,247,'Чортков','',1),
	(314,248,'Чугуев','',1),
	(315,249,'Шепетовка','',1),
	(316,250,'Шостка','',1),
	(317,251,'Энергодар','',1),
	(318,252,'Южноукраинск','',1),
	(319,253,'Ялта','',1),
	(320,254,'Ямполь','',1);

/*!40000 ALTER TABLE `oc_delivery_auto_city` ENABLE KEYS */;
UNLOCK TABLES;


# Dump of table oc_delivery_auto_country
# ------------------------------------------------------------

DROP TABLE IF EXISTS `oc_delivery_auto_country`;

CREATE TABLE `oc_delivery_auto_country` (
  `country_id` int(11) NOT NULL AUTO_INCREMENT,
  `name` varchar(128) NOT NULL,
  `iso_code_2` varchar(2) NOT NULL,
  `iso_code_3` varchar(3) NOT NULL,
  `address_format` text NOT NULL,
  `postcode_required` tinyint(1) NOT NULL,
  `status` tinyint(1) NOT NULL DEFAULT '1',
  PRIMARY KEY (`country_id`)
) ENGINE=MyISAM DEFAULT CHARSET=utf8;

LOCK TABLES `oc_delivery_auto_country` WRITE;
/*!40000 ALTER TABLE `oc_delivery_auto_country` DISABLE KEYS */;

INSERT INTO `oc_delivery_auto_country` (`country_id`, `name`, `iso_code_2`, `iso_code_3`, `address_format`, `postcode_required`, `status`)
VALUES
	(3898,'Винницкая область','UA','UKR','',0,1),
	(3899,'Волынская область','UA','UKR','',0,1),
	(3900,'Днепропетровская область','UA','UKR','',0,1),
	(3901,'Донецкая область','UA','UKR','',0,1),
	(4900,'Донецкая область АТО','UA','UKR','',0,1),
	(3902,'Житомирская область','UA','UKR','',0,1),
	(3903,'Закарпатская область','UA','UKR','',0,1),
	(3904,'Запорожская область','UA','UKR','',0,1),
	(3905,'Ивано-Франковская область','UA','UKR','',0,1),
	(4897,'Киев','UA','UKR','',0,1),
	(3906,'Киевская область','UA','UKR','',0,1),
	(3907,'Кировоградская область','UA','UKR','',0,1),
	(3908,'Луганская область','UA','UKR','',0,1),
	(4901,'Луганская область АТО','UA','UKR','',0,1),
	(3909,'Львовская область','UA','UKR','',0,1),
	(3910,'Николаевская область','UA','UKR','',0,1),
	(3911,'Одесская область','UA','UKR','',0,1),
	(3912,'Полтавская область','UA','UKR','',0,1),
	(3913,'Ровенская область','UA','UKR','',0,1),
	(3914,'Сумская область','UA','UKR','',0,1),
	(3915,'Тернопольская область','UA','UKR','',0,1),
	(3916,'Харьковская область','UA','UKR','',0,1),
	(3917,'Херсонская область','UA','UKR','',0,1),
	(3918,'Хмельницкая область','UA','UKR','',0,1),
	(3919,'Черкасская область','UA','UKR','',0,1),
	(3920,'Черниговская область','UA','UKR','',0,1),
	(3921,'Черновицкая обл','UA','UKR','',0,1);

/*!40000 ALTER TABLE `oc_delivery_auto_country` ENABLE KEYS */;
UNLOCK TABLES;


# Dump of table oc_delivery_auto_zone
# ------------------------------------------------------------

DROP TABLE IF EXISTS `oc_delivery_auto_zone`;

CREATE TABLE `oc_delivery_auto_zone` (
  `zone_id` int(11) NOT NULL AUTO_INCREMENT,
  `country_id` int(11) NOT NULL,
  `name` varchar(128) NOT NULL,
  `code` varchar(32) NOT NULL,
  `status` tinyint(1) NOT NULL DEFAULT '1',
  PRIMARY KEY (`zone_id`)
) ENGINE=MyISAM DEFAULT CHARSET=utf8;

LOCK TABLES `oc_delivery_auto_zone` WRITE;
/*!40000 ALTER TABLE `oc_delivery_auto_zone` DISABLE KEYS */;

INSERT INTO `oc_delivery_auto_zone` (`zone_id`, `country_id`, `name`, `code`, `status`)
VALUES
	(1,3907,'Александрия','',1),
	(2,3911,'Арциз','',1),
	(3,3914,'Ахтырка','',1),
	(4,3916,'Балаклея','',1),
	(5,3911,'Балта','',1),
	(6,3920,'Бахмач','',1),
	(7,3901,'Бахмут','',1),
	(8,3910,'Баштанка','',1),
	(9,3906,'Белая Церковь','',1),
	(10,3911,'Белгород-Днестровский','',1),
	(11,3908,'Беловодск','',1),
	(12,3908,'Белолуцк','',1),
	(13,3911,'Беляевка','',1),
	(14,3902,'Бердичев','',1),
	(15,3904,'Бердянск','',1),
	(16,3903,'Береговое','',1),
	(17,3906,'Березань','',1),
	(18,3907,'Бобринец','',1),
	(19,3916,'Богодухов','',1),
	(20,3906,'Богуслав','',1),
	(21,3911,'Болград','',1),
	(22,3911,'Большая Балка','',1),
	(23,3902,'Большая Фосня','',1),
	(24,3906,'Борисполь','',1),
	(25,3906,'Бровары','',1),
	(26,3909,'Броды','',1),
	(27,3909,'Бусск','',1),
	(28,3906,'Буча','',1),
	(29,3906,'Буча','',1),
	(30,3913,'Вараш','',1),
	(31,3904,'Василевка','',1),
	(32,3906,'Васильков','',1),
	(33,3902,'Васьковичи','',1),
	(34,3912,'Великая Багачка','',1),
	(35,3898,'Винница','',1),
	(36,3903,'Виноградов','',1),
	(37,3906,'Вишневое','',1),
	(38,3899,'Владимир-Волынский','',1),
	(39,3910,'Вознесенск','',1),
	(40,3901,'Волноваха','',1),
	(41,3906,'Володарка','',1),
	(42,3916,'Волчанск','',1),
	(43,3904,'Вольнянск','',1),
	(44,3906,'Вышгород','',1),
	(45,3902,'Вязовка','',1),
	(46,3912,'Гадяч','',1),
	(47,3902,'Гаевичи','',1),
	(48,3898,'Гайсин','',1),
	(49,3917,'Геническ','',1),
	(50,3914,'Глухов','',1),
	(51,3912,'Горишние Плавни','',1),
	(52,3919,'Городище','',1),
	(53,3920,'Городня','',1),
	(54,3902,'Гошев','',1),
	(55,3902,'Гуничи','',1),
	(56,3902,'Дедковичи','',1),
	(57,3897,'Джанкой','',1),
	(58,3904,'Димитрово(Заречное)','',1),
	(59,3900,'Днепр','',1),
	(60,3901,'Доброполье','',1),
	(61,3905,'Долина','',1),
	(62,3909,'Дрогобыч','',1),
	(63,3901,'Дружковка','',1),
	(64,3913,'Дубно','',1),
	(65,3902,'Дубовый Гай','',1),
	(66,3918,'Дунаевцы','',1),
	(67,3897,'Евпатория','',1),
	(68,3919,'Жашков','',1),
	(69,3900,'Желтые Воды','',1),
	(70,3909,'Жидачев','',1),
	(71,3902,'Житомир','',1),
	(72,3898,'Жмеринка','',1),
	(73,3902,'Закусилы','',1),
	(74,3904,'Запорожье','',1),
	(75,3902,'Заречье','',1),
	(76,3919,'Звенигородка','',1),
	(77,3916,'Змиев','',1),
	(78,3919,'Золотоноша','',1),
	(79,3905,'Ивано-Франковск','',1),
	(80,3902,'Игнатполь','',1),
	(81,3911,'Измаил','',1),
	(82,3916,'Изюм','',1),
	(83,3898,'Ильинцы','',1),
	(84,3906,'Кагарлык','',1),
	(85,3898,'Казатин','',1),
	(86,3898,'Калиновка','',1),
	(87,3906,'Калиновка','',1),
	(88,3905,'Калуш','',1),
	(89,3918,'Каменец-Подольский','',1),
	(90,3904,'Каменка-Днепровская','',1),
	(91,3900,'Каменское','',1),
	(92,3899,'Камень-Каширский','',1),
	(93,3904,'Камышеваха','',1),
	(94,3919,'Канев','',1),
	(95,3917,'Каховка','',1),
	(96,3897,'Керчь','',1),
	(97,3899,'Киверцы','',1),
	(98,4897,'Киев','',1),
	(99,3911,'Килия','',1),
	(100,3904,'Кирово(Таврийское)','',1),
	(101,3899,'Ковель','',1),
	(102,3920,'Козелец','',1),
	(103,3905,'Коломыя','',1),
	(104,3914,'Конотоп','',1),
	(105,3901,'Константиновка','',1),
	(106,3902,'Коростень','',1),
	(107,3902,'Коростышев','',1),
	(108,3919,'Корсунь-Шевченковский','',1),
	(109,3913,'Костополь','',1),
	(110,3912,'Котельва','',1),
	(111,3906,'Коцюбинское','',1),
	(112,3901,'Краматорск','',1),
	(113,3916,'Красноград','',1),
	(114,3912,'Кременчуг','',1),
	(115,3900,'Кривой Рог','',1),
	(116,3914,'Кролевец','',1),
	(117,3907,'Кропивницкий','',1),
	(118,3916,'Купянск','',1),
	(119,3901,'Курахово','',1),
	(120,3898,'Ладыжин','',1),
	(121,3902,'Ласки','',1),
	(122,3902,'Левковичи','',1),
	(123,3901,'Лиман','',1),
	(124,3908,'Лисичанск','',1),
	(125,3912,'Лобачи','',1),
	(126,3916,'Лозовая','',1),
	(127,3912,'Лохвица','',1),
	(128,3912,'Лубны','',1),
	(129,3908,'Луганск','',1),
	(130,3899,'Луцк','',1),
	(131,3909,'Львов','',1),
	(132,3899,'Любомль','',1),
	(133,3906,'Макаров','',1),
	(134,3902,'Малая Фосня','',1),
	(135,3902,'Малин','',1),
	(136,3900,'Марганец','',1),
	(137,3901,'Мариуполь','',1),
	(138,3908,'Марковка','',1),
	(139,3900,'Межевая','',1),
	(140,3904,'Мелитополь','',1),
	(141,3908,'Меловое','',1),
	(142,3916,'Мерефа','',1),
	(143,3912,'Миргород','',1),
	(144,3901,'Мирноград','',1),
	(145,3906,'Мироновка','',1),
	(146,3913,'Млинов','',1),
	(147,3898,'Могилев-Подольский','',1),
	(148,3902,'Можары','',1),
	(149,3919,'Монастырище','',1),
	(150,3909,'Мостиска','',1),
	(151,3903,'Мукачево','',1),
	(152,3902,'Народичи','',1),
	(153,3920,'Нежин','',1),
	(154,3918,'Нетишин','',1),
	(155,3910,'Николаев','',1),
	(156,3900,'Никополь','',1),
	(157,3916,'Новая Водолага','',1),
	(158,3917,'Новая Каховка','',1),
	(159,3899,'Нововолынск','',1),
	(160,3902,'Новоград-Волынский','',1),
	(161,3921,'Новоднестровск','',1),
	(162,3900,'Новомосковск','',1),
	(163,3908,'Новопсков','',1),
	(164,3917,'Новотроицкое','',1),
	(165,3909,'Новояворовск','',1),
	(166,3906,'Обухов','',1),
	(167,3902,'Овруч','',1),
	(168,3911,'Одесса','',1),
	(169,3904,'Орехов','',1),
	(170,3902,'Остров','',1),
	(171,3900,'Павлоград','',1),
	(172,3910,'Первомайск','',1),
	(173,3916,'Первомайский','',1),
	(174,3906,'Переяслав-Хмельницкий','',1),
	(175,3902,'Першотравневое','',1),
	(176,3902,'Песчаница','',1),
	(177,3906,'Петропавловская Борщаговка','',1),
	(178,3912,'Пирятин','',1),
	(179,3911,'Подольск','',1),
	(180,3902,'Подрудье','',1),
	(181,3900,'Покров','',1),
	(182,3901,'Покровск','',1),
	(183,3904,'Пологи','',1),
	(184,3912,'Полтава','',1),
	(185,3902,'Потаповичи','',1),
	(186,3920,'Прилуки','',1),
	(187,3909,'Рава-Русская','',1),
	(188,3911,'Раздельная','',1),
	(189,3899,'Ратно','',1),
	(190,3911,'Рени','',1),
	(191,3912,'Решетиловка','',1),
	(192,3913,'Ровно','',1),
	(193,3914,'Ромны','',1),
	(194,3908,'Рубежное','',1),
	(195,3909,'Самбор','',1),
	(196,3913,'Сарны','',1),
	(197,3907,'Светловодск','',1),
	(198,3901,'Святогорск','',1),
	(199,3897,'Севастополь','',1),
	(200,3908,'Северодонецк','',1),
	(201,3902,'Селец','',1),
	(202,3901,'Селидово','',1),
	(203,3897,'Симферополь','',1),
	(204,3917,'Скадовск','',1),
	(205,3906,'Сквира','',1),
	(206,3918,'Славута','',1),
	(207,3906,'Славутич','',1),
	(208,3901,'Славянск','',1),
	(209,3902,'Словечно','',1),
	(210,3919,'Смела','',1),
	(211,3910,'Снегуровка','',1),
	(212,3906,'Софиевская Борщаговка','',1),
	(213,3906,'Ставище','',1),
	(214,3908,'Станица Луганская','',1),
	(215,3908,'Старобельск','',1),
	(216,3918,'Староконстантинов','',1),
	(217,3902,'Сташки','',1),
	(218,3909,'Стрый','',1),
	(219,3914,'Сумы','',1),
	(220,3908,'Счастье','',1),
	(221,3906,'Тараща','',1),
	(222,3911,'Татарбунары','',1),
	(223,3915,'Тернополь','',1),
	(224,3906,'Тетиев','',1),
	(225,3904,'Токмак','',1),
	(226,3900,'Томаковка','',1),
	(227,3901,'Торецк','',1),
	(228,3914,'Тростянец','',1),
	(229,3903,'Тячев','',1),
	(230,3903,'Ужгород','',1),
	(231,3919,'Умань','',1),
	(232,3906,'Фастов','',1),
	(233,3897,'Феодосия','',1),
	(234,3916,'Харьков','',1),
	(235,3917,'Херсон','',1),
	(236,3898,'Хмельник','',1),
	(237,3918,'Хмельницкий','',1),
	(238,3912,'Хорол','',1),
	(239,3903,'Хуст','',1),
	(240,3917,'Чаплинка','',1),
	(241,3909,'Червоноград','',1),
	(242,3919,'Черкассы','',1),
	(243,3920,'Чернигов','',1),
	(244,3898,'Черновцы','',1),
	(245,3921,'Черновцы','',1),
	(246,3911,'Черноморск','',1),
	(247,3915,'Чортков','',1),
	(248,3916,'Чугуев','',1),
	(249,3918,'Шепетовка','',1),
	(250,3914,'Шостка','',1),
	(251,3904,'Энергодар','',1),
	(252,3910,'Южноукраинск','',1),
	(253,3897,'Ялта','',1),
	(254,3898,'Ямполь','',1),
	(255,3898,'Ямполь','',1);

/*!40000 ALTER TABLE `oc_delivery_auto_zone` ENABLE KEYS */;
UNLOCK TABLES;



/*!40111 SET SQL_NOTES=@OLD_SQL_NOTES */;
/*!40101 SET SQL_MODE=@OLD_SQL_MODE */;
/*!40014 SET FOREIGN_KEY_CHECKS=@OLD_FOREIGN_KEY_CHECKS */;
/*!40101 SET CHARACTER_SET_CLIENT=@OLD_CHARACTER_SET_CLIENT */;
/*!40101 SET CHARACTER_SET_RESULTS=@OLD_CHARACTER_SET_RESULTS */;
/*!40101 SET COLLATION_CONNECTION=@OLD_COLLATION_CONNECTION */;
