SET sql_mode = '';
CREATE TABLE IF NOT EXISTS `oc_np_city` (
  `city_id` int(11) NOT NULL AUTO_INCREMENT,
  `zone_id` int(11) NOT NULL,
  `name` varchar(128) NOT NULL,
  `code` varchar(32) NOT NULL,
  `status` tinyint(1) NOT NULL DEFAULT '1',
  PRIMARY KEY (`city_id`),
  KEY `name` (`name`)
) ENGINE=MyISAM  DEFAULT CHARSET=utf8 AUTO_INCREMENT=24761;

INSERT INTO `oc_np_city` (`city_id`, `zone_id`, `name`, `code`, `status`) VALUES
(1, 182, 'Oтделение №1 : ул. Полевая, 1', '', 1),
(2, 540, 'Oтделение №3 : ул. Дубенская БОС, 1 (возле кафе)', '', 1),
(3, 344, 'Oтделение №1 : ул. Пионерская, 23', '', 1),
(4, 565, 'Отделения №15 : ул. Борисова, 1/10-1', '', 1),
(5, 685, 'Отделения №12 : ул. Комарова, 29', '', 1),
(6, 628, 'Oтделение №1 : ул. 22 января', '', 1),
(7, 289, 'Oтделение №1 : ул. Независимости, 107а', '', 1),
(8, 478, 'Oтделение №1 : ул. Князей Острожских, 3', '', 1),
(9, 606, 'Oтделение №1 : ул. И.Франко,19', '', 1),
(10, 517, 'Oтделение №1 : ул. Ярослава Мудрого, 52 (Район Автовокзала)', '', 1),
(11, 30, 'Oтделение №1 : ул. Ярослава Мудрого, 24', '', 1),
(12, 412, 'Oтделение №1 : ул. Якима-Скорика Ф., 5', '', 1),
(13, 458, 'Oтделение №1 : ул. Яворницкого,8', '', 1),
(14, 652, 'Oтделение №1 : ул. Юности, 8', '', 1),
(15, 94, 'Oтделение №1 : ул. Юбилейная, 25', '', 1),
(16, 560, 'Oтделение №1 : ул. Энгельса, 7', '', 1),
(17, 87, 'Oтделение №1 : ул. Шухевича, 28', '', 1),
(18, 105, 'Oтделение №1 : ул. Штефаника, 3', '', 1),
(19, 124, 'Oтделение №1 : ул. Школьная, 30 (возле завода Ситал)', '', 1),
(20, 584, 'Oтделение №1 : ул. Школьная, 23', '', 1),
(21, 553, 'Oтделение №1 : ул. Шевченко, 52/8', '', 1),
(22, 573, 'Oтделение №1: ул. 40-летия Октября, 19', '', 1),
(23, 535, 'Oтделение №1 : ул. Шевченко, 29', '', 1),
(24, 587, 'Oтделение №1 : ул. Шевченко, 251', '', 1),
(25, 437, 'Oтделение №1 : ул. Шевченко, 23', '', 1),
(26, 388, 'Oтделение №1 : ул. Шевченко, 22', '', 1),
(27, 537, 'Oтделение №1 : ул. Шевченко, 11а', '', 1),
(28, 62, 'Oтделение №1 : ул. Шевченко, 10', '', 1),
(29, 41, 'Oтделение №1 : ул. Шевченка, 72а', '', 1),
(30, 504, 'Oтделение №1 : ул. Шевченка, 30', '', 1),
(31, 491, 'Oтделение №1 : ул. Шевченка, 25', '', 1),
(32, 435, 'Oтделение №1 : ул. Шевченка, 18', '', 1),
(33, 385, 'Oтделение №1 : ул. Шевченка, 158', '', 1),
(34, 558, 'Oтделение №1 : ул. Шевченка 2/2', '', 1),
(35, 590, 'Oтделение №1 : ул. Чорновола, 15', '', 1),
(36, 148, 'Oтделение №1 : ул. Чкалова, 93', '', 1),
(37, 370, 'Oтделение №1 : ул. Чехова, 6а', '', 1),
(38, 475, 'Oтделение №1 : ул. Чехова, 1а', '', 1),
(39, 683, 'Oтделение №1 : ул. Черкасская, 18', '', 1),
(40, 410, 'Oтделение №1 : ул. Чапаева, 36', '', 1),
(41, 1, 'Oтделение №1 : ул. Чапаева, 2г', '', 1),
(42, 427, 'Oтделение №1 : ул. Чайковского, 18', '', 1),
(43, 675, 'Oтделение №1 : ул. Центральная, 2', '', 1),
(44, 630, 'Oтделение №1 : ул. Харьковская, 3', '', 1),
(45, 712, 'Oтделение №1 : ул. Фрунзе, 4', '', 1),
(46, 63, 'Oтделение №1 : ул. Франко, 21', '', 1),
(47, 669, 'Oтделение №1 : ул. Урицкого, 44', '', 1),
(48, 709, 'Oтделение №1 : ул. Украинская, 36', '', 1),
(49, 552, 'Oтделение №1 : ул. Трудовая, 29а', '', 1),
(50, 70, 'Oтделение №1 : ул. Театральная, 17а', '', 1),
(51, 32, 'Oтделение №1 : ул. Театральная, 1', '', 1),
(52, 589, 'Oтделение №1 : ул. Тартаковская, 99 (старая автостанция)', '', 1),
(53, 578, 'Oтделение №1 : ул. Таллинский квартал, 7а', '', 1),
(54, 361, 'Oтделение №1 : ул. Советская, 65', '', 1),
(55, 500, 'Oтделение №1 : ул. Советская, 44', '', 1),
(56, 106, 'Oтделение №1 : ул. Советская, 36а', '', 1),
(57, 378, 'Oтделение №1 : ул. Советская, 32/2-19', '', 1),
(58, 674, 'Oтделение №1 : ул. Советская, 2а', '', 1),
(59, 103, 'Oтделение №1 : ул. Советская, 12', '', 1),
(60, 516, 'Oтделение №1 : ул. Советская, 100', '', 1),
(61, 544, 'Oтделение №1 : ул. Сечевых Стрельцов, 22', '', 1),
(62, 67, 'Oтделение №1 : ул. Свердлова, 12в', '', 1),
(63, 348, 'Oтделение №1: ул. Дзержинского, 56', '', 1),
(64, 400, 'Oтделение №1 : ул. Савченко, 1в', '', 1),
(65, 699, 'Oтделение №1 : ул. С. Шковороды, 29', '', 1),
(66, 575, 'Oтделение №1 : ул. Розы Люксембург, 16', '', 1),
(67, 634, 'Oтделение №1 : ул. Революционная, 63', '', 1),
(68, 619, 'Oтделение №1 : ул. Работническая, 5', '', 1),
(69, 451, 'Oтделение №1 : ул. Пушкина, 8а', '', 1),
(70, 496, 'Oтделение №1 : ул. Пушкина, 6', '', 1),
(71, 635, 'Oтделение №1 : ул. Пушкина, 11а', '', 1),
(72, 395, 'Oтделение №1 : ул. Промышленная, 3', '', 1),
(73, 107, 'Oтделение №1 : ул. Полевая, 14', '', 1),
(74, 468, 'Oтделение №1 : ул. Промислова, 27', '', 1),
(75, 137, 'Oтделение №1 : ул. Пролетарская, 5', '', 1),
(76, 673, 'Oтделение №1 : ул. Пролетарская, 100', '', 1),
(77, 715, 'Oтделение №1 : ул. Приморская, 19б (Рынок ', '', 1),
(78, 36, 'Oтделение №1 : ул. Привокзальная, 16', '', 1),
(79, 489, 'Oтделение №1 : ул. Привокзальная, 15', '', 1),
(80, 645, 'Oтделение №1 : ул. Привокзальная, 10', '', 1),
(81, 536, 'Oтделение №1 : ул. Попудренка, 23', '', 1),
(82, 407, 'Oтделение №1 : ул. Покровская, 22', '', 1),
(83, 605, 'Oтделение №1 : ул. Пограничников, 4 (возле таможни ', '', 1),
(84, 563, 'Oтделение №1 : ул. Победы, 89а', '', 1),
(85, 513, 'Oтделение №1 : ул. Победы, 83', '', 1),
(86, 35, 'Oтделение №1 : ул. Победи, 11а', '', 1),
(87, 576, 'Oтделение №1 : ул. Площадь Независимости, 7', '', 1),
(88, 449, 'Oтделение №1 : ул. Пирогова, 15а', '', 1),
(89, 65, 'Oтделение №1 : ул. Петрушевича, 4', '', 1),
(90, 13, 'Oтделение №1 : ул. Петровского, 38', '', 1),
(91, 488, 'Oтделение №1 : ул. Переездная, 16', '', 1),
(92, 27, 'Oтделение №1 : ул. Первомайская, 2', '', 1),
(93, 531, 'Oтделение №1 : ул. Первомайская, 13', '', 1),
(94, 651, 'Oтделение №1 : ул. Первомайская 8а, д. 8', '', 1),
(95, 2, 'Oтделение №1 : ул. Патриотов, 10', '', 1),
(96, 429, 'Oтделение №1 : ул. Пархоменка, 5', '', 1),
(97, 389, 'Oтделение №1 : ул. Парковая, 8', '', 1),
(98, 574, 'Oтделение №1 : ул. Парижской Коммуны, 103', '', 1),
(99, 705, 'Oтделение №1 : ул. Дерия, 58', '', 1),
(100, 564, 'Oтделение №1 : ул. Островского, 3', '', 1),
(101, 698, 'Oтделение №1 : ул. Осипенка, 1', '', 1),
(102, 633, 'Oтделение №1 : ул. Ольги Кобылянской, 1', '', 1),
(103, 26, 'Oтделение №1 : ул. Октябрьской Революции, 14', '', 1),
(104, 456, 'Oтделение №1 : ул. Октябрьская, 76', '', 1),
(105, 29, 'Oтделение №1 : ул. Октябрьская, 69 (маг. ', '', 1),
(106, 493, 'Oтделение №1 : ул. Октябрьская, 25', '', 1),
(107, 473, 'Oтделение №1 : ул. Октябрьская, 21', '', 1),
(108, 486, 'Oтделение №1 : ул. Октябрьская, 116б', '', 1),
(109, 586, 'Oтделение №1 : ул. Октябрьская, 111', '', 1),
(110, 591, 'Oтделение №1 : ул. Октябрьская, 11', '', 1),
(111, 211, 'Oтделение №1 : ул. Одесская, 2а', '', 1),
(112, 238, 'Oтделение №1 : ул. Обухова, 20', '', 1),
(113, 40, 'Oтделение №1 : ул. Нижнегорская-Мира, 3/7', '', 1),
(114, 249, 'Oтделение №1 : ул. Некрасова, 3а', '', 1),
(115, 543, 'Oтделение №1 : ул. Независимости, 82', '', 1),
(116, 61, 'Oтделение №1 : ул. Независимости, 65а (помещение дома ', '', 1),
(117, 376, 'Oтделение №1 : ул. Независимости, 60', '', 1),
(118, 9, 'Oтделение №1 : ул. Независимости, 19', '', 1),
(119, 352, 'Oтделение №1 : ул. Петра Кравчика, 9', '', 1),
(120, 380, 'Oтделение №1 : ул. Комсомольская, 1', '', 1),
(121, 49, 'Oтделение №1 : ул. Мукачевская, 190', '', 1),
(122, 423, 'Oтделение №1 : ул. Молодёжная, 12а', '', 1),
(123, 526, 'Oтделение №1 : ул. Мишуги, 4', '', 1),
(124, 472, 'Oтделение №1 : ул. Михаила Скляра, 13', '', 1),
(125, 466, 'Oтделение №1 : ул. Мирная, 21', '', 1),
(126, 725, 'Oтделение №1 : ул. Мира, 48', '', 1),
(127, 71, 'Oтделение №1 : ул. Мира, 40а', '', 1),
(128, 640, 'Oтделение №1 : ул. Мира, 2', '', 1),
(129, 678, 'Oтделение №1 : ул. Матросова, 19б', '', 1),
(130, 483, 'Oтделение №1 : ул. Макаренко, 13', '', 1),
(131, 45, 'Oтделение №1 : ул. Макаренко, 1', '', 1),
(132, 505, 'Oтделение №1 : ул. Лысенка, 20а', '', 1),
(133, 364, 'Oтделение №1 : ул. Луцкая, 1/2', '', 1),
(134, 479, 'Oтделение №1 : ул. Луначарского, 18', '', 1),
(135, 25, 'Oтделение №1 : ул. Ломоносова, 24а', '', 1),
(136, 88, 'Oтделение №1 : ул. Либкнехта Карла, 11а', '', 1),
(137, 624, 'Oтделение №1 : ул. Лесная, 2а', '', 1),
(138, 79, 'Oтделение №1 : ул. Леси Украинки, 55', '', 1),
(139, 391, 'Oтделение №1 : ул. Лермонтова, 18', '', 1),
(140, 694, 'Oтделение №1 : ул. Леонова, 4', '', 1),
(141, 476, 'Oтделение №1 : ул. Ленинградских курсантов, 57', '', 1),
(142, 386, 'Oтделение №1 : ул. Ленина,109', '', 1),
(143, 375, 'Oтделение №1 : ул. Ленина, 94', '', 1),
(144, 546, 'Oтделение №1 : ул. Ленина, 92', '', 1),
(145, 570, 'Oтделение №1 : ул. Ленина, 92', '', 1),
(146, 393, 'Oтделение №1 : ул. Ленина, 109', '', 1),
(147, 51, 'Oтделение №1 : ул. Суворова, 62', '', 1),
(148, 598, 'Oтделение №1 : ул. Ленина, 7а', '', 1),
(149, 114, 'Oтделение №1 : ул. Ленина, 73а', '', 1),
(150, 76, 'Oтделение №1 : ул. Ленина, 73', '', 1),
(151, 415, 'Oтделение №1 : ул. Ленина, 71', '', 1),
(152, 708, 'Oтделение №1 : ул. Ленина, 67', '', 1),
(153, 703, 'Oтделение №1 : ул. Ленина, 66', '', 1),
(154, 497, 'Oтделение №1 : ул. Ленина, 59а', '', 1),
(155, 643, 'Oтделение №1 : ул. Ленина, 57д', '', 1),
(156, 359, 'Oтделение №1 : ул. Ленина, 55', '', 1),
(157, 568, 'Oтделение №1 : ул. Ленина, 52', '', 1),
(158, 357, 'Oтделение №1 : ул. Ленина, 4/2 (Базарная площадь)', '', 1),
(159, 701, 'Oтделение №1 : ул. Ленина, 4', '', 1),
(160, 687, 'Oтделение №1 : ул. Ленина, 39', '', 1),
(161, 91, 'Oтделение №1 : ул. Ленина, 2а', '', 1),
(162, 529, 'Oтделение №1 : ул. Первого Мая, 1а', '', 1),
(163, 697, 'Oтделение №1 : ул. Ленина, 272', '', 1),
(164, 72, 'Oтделение №1 : ул. Ленина, 248/1', '', 1),
(165, 418, 'Oтделение №1 : ул. Ленина, 24', '', 1),
(166, 57, 'Oтделение №1 : ул. Ленина, 224', '', 1),
(167, 455, 'Oтделение №1 : ул. Ленина, 222', '', 1),
(168, 89, 'Oтделение №1 : ул. Ленина, 221д', '', 1),
(169, 38, 'Oтделение №1 : ул. Ленина, 206а', '', 1),
(170, 434, 'Oтделение №1 : ул. Ленина, 175', '', 1),
(171, 607, 'Oтделение №1 : ул. Ленина, 163', '', 1),
(172, 52, 'Oтделение №1 : ул. Ленина, 157', '', 1),
(173, 392, 'Oтделение №1 : ул. Ленина, 14а', '', 1),
(174, 6, 'Oтделение №1 : ул. Ленина, 116г (р-н ГАИ)', '', 1),
(175, 95, 'Oтделение №1 : ул. Ленина, 107', '', 1),
(176, 99, 'Oтделение №1 : ул. Ленина, 105', '', 1),
(177, 448, 'Oтделение №1 : ул. Ленина, 10', '', 1),
(178, 82, 'Oтделение №1 : ул. Л.Попова, 3а', '', 1),
(179, 530, 'Oтделение №1 : ул. Красноперекопское шосе, 33а', '', 1),
(180, 379, 'Oтделение №1 : ул. Красноармейская, 2а', '', 1),
(181, 58, 'Oтделение №1 : ул. Красноармейская, 13а', '', 1),
(182, 399, 'Oтделение №1 : ул. Красноармейская, 1', '', 1),
(183, 569, 'Oтделение №1 : ул. Красная Площадь, 58', '', 1),
(184, 457, 'Oтделение №1 : ул. Красная Площадь, 26', '', 1),
(185, 46, 'Oтделение №1 : ул. Костина, 9', '', 1),
(186, 31, 'Oтделение №1 : ул. Кооперативная, 8', '', 1),
(187, 713, 'Oтделение №1 : ул. Кооперативная, 20', '', 1),
(188, 539, 'Oтделение №1 : ул. Кооперативная, 1', '', 1),
(189, 525, 'Oтделение №1 : ул. Коновалца, 25/27', '', 1),
(190, 93, 'Oтделение №1 : ул. Комунальный, 12б', '', 1),
(191, 671, 'Oтделение №1 : ул. Комсомольская, 90', '', 1),
(192, 632, 'Oтделение №1 : ул. Комсомольская, 3ц', '', 1),
(193, 59, 'Oтделение №1 : ул. Комсомольская, 27', '', 1),
(194, 690, 'Oтделение №1 : ул. Комсомольская, 17', '', 1),
(195, 520, 'Oтделение №1 : ул. Кирова, 91', '', 1),
(196, 438, 'Oтделение №1 : ул. Кирова, 68', '', 1),
(197, 522, 'Oтделение №1 : ул. Кирова, 36', '', 1),
(198, 656, 'Oтделение №1 : ул. Кирова, 34', '', 1),
(199, 428, 'Oтделение №1 : ул. Кирова, 3', '', 1),
(200, 452, 'Oтделение №1 : ул. Кирова, 24', '', 1),
(201, 541, 'Oтделение №1 : ул. Кирова, 126а', '', 1),
(202, 695, 'Oтделение №1 : ул. Кирова, 1', '', 1),
(203, 534, 'Oтделение №1 : ул. Карпатская, 12', '', 1),
(204, 43, 'Oтделение №1 : ул. Карла Маркса, 98', '', 1),
(205, 666, 'Oтделение №1 : ул. Карла Маркса, 86/1 (територия автошколы)', '', 1),
(206, 676, 'Oтделение №1 : ул. Карла Маркса, 83', '', 1),
(207, 509, 'Oтделение №1 : ул. Карла Маркса, 291', '', 1),
(208, 368, 'Oтделение №1 : ул. Карла Маркаса, 23а', '', 1),
(209, 14, 'Oтделение №1 : ул. Каманина, 1в', '', 1),
(210, 39, 'Oтделение №1 : ул. Калинина, 2', '', 1),
(211, 583, 'Oтделение №1 : ул. Казакова, 43', '', 1),
(212, 571, 'Oтделение №1 : ул. Индустриальная, 1', '', 1),
(213, 545, 'Oтделение №1 : ул. Ивана Франка, 6а', '', 1),
(214, 11, 'Oтделение №1 : ул. Ивана Франка, 67', '', 1),
(215, 642, 'Oтделение №1 : ул. Ивана Мазепы, 21е', '', 1),
(216, 453, 'Oтделение №1 : ул. Ивана Мазепы, 2', '', 1),
(217, 54, 'Oтделение №1 : ул. И. Франка, 2а (ТЦ Гранд)', '', 1),
(218, 50, 'Oтделение №1 : ул. И. Франка, 2', '', 1),
(219, 120, 'Oтделение №1 : ул. И. Франка, 110', '', 1),
(220, 33, 'Oтделение №1 : ул. Змеевская, 68а', '', 1),
(221, 585, 'Oтделение №1 : ул. Заводская, 9а', '', 1),
(222, 561, 'Oтделение №1 : ул. Заводская, 2а', '', 1),
(223, 212, 'Oтделение №1 : ул. Заводская 1/14', '', 1),
(224, 597, 'Oтделение №1 : ул. Жовтнева, 50', '', 1),
(225, 459, 'Oтделение №1 : ул. Енергетическая, 25', '', 1),
(226, 668, 'Oтделение №1 : ул. Дудниченка, 39г', '', 1),
(227, 618, 'Oтделение №1 : ул. Дружбы, 24', '', 1),
(228, 398, 'Oтделение №1 : ул. Дружбы народов, 103', '', 1),
(229, 37, 'Oтделение №1 : ул. Донецкая, 14', '', 1),
(230, 463, 'Oтделение №1 : ул. Дзержинского, 40', '', 1),
(231, 84, 'Oтделение №1 : ул. Демьяна Бедного, 4', '', 1),
(232, 354, 'Oтделение №1 : ул. Грушевского, 2', '', 1),
(233, 166, 'Oтделение №1 : ул. Грушевского, 11', '', 1),
(234, 602, 'Oтделение №1 : ул. Грушевсково, 54', '', 1),
(235, 502, 'Oтделение №1 : ул. Гребёнковская, 20а', '', 1),
(236, 421, 'Oтделение №1 : ул. Горького, 93', '', 1),
(237, 86, 'Oтделение №1 : ул. Горького, 8', '', 1),
(238, 579, 'Oтделение №1 : ул. Горького, 51', '', 1),
(239, 17, 'Oтделение №1 : ул. Горбатова, 69', '', 1),
(240, 402, 'Oтделение №1 : ул. Гоголя, 4', '', 1),
(241, 567, 'Oтделение №1 : ул. Гоголя, 2', '', 1),
(242, 515, 'Oтделение №1 : ул. Герцена, 2д', '', 1),
(243, 413, 'Oтделение №1 : ул. Галицкая, 56', '', 1),
(244, 100, 'Oтделение №1 : ул. Гагарина,22', '', 1),
(245, 442, 'Oтделение №1 : ул. Гагарина, 5', '', 1),
(246, 592, 'Oтделение №1 : ул. Гагарина, 26а', '', 1),
(247, 432, 'Oтделение №1 : ул. Гагарина, 12', '', 1),
(248, 422, 'Oтделение №1 : ул. Высоцкого, 3', '', 1),
(249, 527, 'Oтделение №1 : ул. Волковенко, 1а', '', 1),
(250, 443, 'Oтделение №1 : ул. Вокзальная, 6', '', 1),
(251, 460, 'Oтделение №1 : ул. Вокзальная, 2', '', 1),
(252, 595, 'Oтделение №1 : ул. Виноградского, 19а', '', 1),
(253, 85, 'Oтделение №1 : ул. Буского братства, 9', '', 1),
(254, 365, 'Oтделение №1 : ул. Бурмистренка, 2а', '', 1),
(255, 722, 'Oтделение №1 : ул. Бульвар Юбилейный, 6', '', 1),
(256, 485, 'Oтделение №1 : ул. Бугайченко, 36', '', 1),
(257, 101, 'Oтделение №1 : ул. Борцов Революции, 23', '', 1),
(258, 492, 'Oтделение №1 : ул. Богдана Хмельницкого, 180в', '', 1),
(259, 549, 'Oтделение №1 : ул. Бирюкова, 9/1', '', 1),
(260, 506, 'Oтделение №1 : ул. Бережанская, 2', '', 1),
(261, 677, 'Oтделение №1 : ул. Б. Хмельницкого, 65', '', 1),
(262, 720, 'Oтделение №1 : ул. Б. Хмельницкого, 42', '', 1),
(263, 625, 'Oтделение №1 : ул. Б. Хмельницкого, 2', '', 1),
(264, 615, 'Oтделение №1 : ул. Алуштинская, 24 (тер. Хлебзавода)', '', 1),
(265, 22, 'Oтделение №1 : ул. 8-го Марта, 3б', '', 1),
(266, 405, 'Oтделение №1 : ул. 50-ти Летия ВЛКСМ, 19', '', 1),
(267, 420, 'Oтделение №1 : ул. 50 лет СССР, 1/1', '', 1),
(268, 403, 'Oтделение №1 : ул. Ленина, 73', '', 1),
(269, 508, 'Oтделение №1 : ул. 40 лет Октября, 15', '', 1),
(270, 711, 'Oтделение №1 : ул. 3-й микрорайон, торговый дом 104', '', 1),
(271, 18, 'Oтделение №1 : ул. 28 июля, 97', '', 1),
(272, 417, 'Oтделение №1 : ул. 1-го Мая, 19', '', 1),
(273, 377, 'Oтделение №1 : ул. 1-го Мая, 18', '', 1),
(274, 60, 'Oтделение №1 : ул. 16 марта, 68 (вход с ул. Орджоникидзе)', '', 1),
(275, 81, 'Oтделение №1 : ул. 1 мая, 47а', '', 1),
(276, 64, 'Oтделение №1 : просп. Ленина, 85', '', 1),
(277, 577, 'Oтделение №1 : площадь Шевченка 4/1', '', 1),
(278, 646, 'Oтделение №1 : площадь Ринок, 13/2', '', 1),
(279, 490, 'Oтделение №1 : площадь Народная, 17', '', 1),
(280, 601, 'Oтделение №1 : площадь Мира, 3/5', '', 1),
(281, 355, 'Oтделение №1 : площадь Интернациональная, 20', '', 1),
(282, 679, 'Oтделение №1 : площадь Ленина, 5', '', 1),
(283, 653, 'Oтделение №1 : пер. Ленина, 4а', '', 1),
(284, 356, 'Oтделение №1 : пер. Школьный, 19', '', 1),
(285, 111, 'Oтделение №1 : пер. Почтовый, 4/4', '', 1),
(286, 588, 'Oтделение №1 : пер. Мартынова, 8а', '', 1),
(287, 462, 'Oтделение №1 : пер. Заводской, 3', '', 1),
(288, 528, 'Oтделение №1 : пер. Базаринй, 10', '', 1),
(289, 638, 'Oтделение №1 : пер. Арсенальный, 9', '', 1),
(290, 16, 'Oтделение №1 : микрорайон имени генерала Корявко, 16', '', 1),
(291, 445, 'Oтделение №1 : Квартал 22, д. 1а', '', 1),
(292, 328, 'Oтделение №1 : квартал Титова, 5', '', 1),
(293, 612, 'Oтделение №1 : Житомирское шоссе, 21 (склад Mary Kay)', '', 1),
(294, 716, 'Oтделение №1 : бульв. Шевченко, 14', '', 1),
(295, 358, 'Oтделение №1 : 3-й переулок Роменской, 1', '', 1),
(296, 704, 'Oтделение №1 : ул. Ленина, 139', '', 1),
(297, 283, 'Отделение №96 : просп. Комарова, 38а', '', 1),
(298, 283, 'Отделение №95 : просп. Голосеевский, 68 ( возле отеля ', '', 1),
(299, 283, 'Отделение №94 : бульв. Т. Шевченка, 46а', '', 1),
(300, 283, 'Отделение №93 : ул. Шота Руставели, 31а', '', 1),
(301, 283, 'Отделение №92 : ул. Ленина, 25с (Бортничи)', '', 1),
(302, 283, 'Отделение №91 : ул. Академика Заболотного, 48а', '', 1),
(303, 283, 'Отделение №90 : просп. Победы, 80/57', '', 1),
(304, 660, 'Oтделение №9 : ул. Роганская, 101а', '', 1),
(305, 685, 'Oтделение №9 : ул. Калиновская, 13б (рынок Добробут)', '', 1),
(306, 283, 'Oтделение №9 : пер. Вячеслава Чорновола, 54а', '', 1),
(307, 198, 'Oтделение №9 : ул. Щорса, 3', '', 1),
(308, 189, 'Oтделение №9 : ул. Шмидта, 4а', '', 1),
(309, 465, 'Oтделение №9 : ул. Сегедская, 14', '', 1),
(310, 371, 'Oтделение №9 : ул. Ровненская, 25', '', 1),
(311, 367, 'Oтделение №9 : ул. Победная, 2з', '', 1),
(312, 661, 'Oтделение №9 : ул. Димитрова, 23', '', 1),
(313, 214, 'Oтделение №9 : ул. Витрука, 9а', '', 1),
(314, 390, 'Oтделение №9 : просп. Металлургов, 215', '', 1),
(315, 248, 'Oтделение №9 : бульв. Южный, 23', '', 1),
(316, 341, 'Oтделение №9 : ул. Щорса, 23а', '', 1),
(317, 565, 'Oтделение №9 : ул. Репина, 4', '', 1),
(318, 680, 'Oтделение №9 : ул. Остафия Дашкевича, 34', '', 1),
(319, 616, 'Oтделение №9 : ул. Екатерины Зеленко, 4', '', 1),
(320, 221, 'Oтделение №9 : просп. Металлургов, 17', '', 1),
(321, 119, 'Oтделение №9 : просп. Коцюбинского, 32', '', 1),
(322, 339, 'Oтделение №9 : просп. 50-летия Октября, 10', '', 1),
(323, 283, 'Отделение №89 : ул. Глубочицкая, 28', '', 1),
(324, 283, 'Отделение №88 : ул. Якуба Коласа, 15б', '', 1),
(325, 283, 'Отделение №87 : ул. Княжий Затон, 14б', '', 1),
(326, 283, 'Отделение №86 (до 30 кг): ул. Зодчих, 34а', '', 1),
(327, 283, 'Отделение №85 : ул. Маршала Гречко, 24', '', 1),
(328, 283, 'Отделение №84 : ул. Курнатовского, 15', '', 1),
(329, 283, 'Отделение №83 (до 30 кг): ул. Медовая, 2', '', 1),
(330, 283, 'Отделение №82 : ул. Горького, 157', '', 1),
(331, 283, 'Отделение №81 : ул. Саксаганского, 76', '', 1),
(332, 283, 'Отделение №80 : Харьковское шоссе, 150/15', '', 1),
(333, 283, 'Oтделение №8 : ул. Щекавицкая, 46б (Подол)', '', 1),
(334, 367, 'Oтделение №8 : ул. Лутугинская, 89а', '', 1),
(335, 341, 'Oтделение №8 : ул. Курчатова, 1г', '', 1),
(336, 214, 'Oтделение №8 : ул. Баранова, 52', '', 1),
(337, 189, 'Oтделение №8 : просп. Гагарина, 112а', '', 1),
(338, 465, 'Oтделение №8 : ул. Тираспольская, 31 (ЦЕНТР)', '', 1),
(339, 426, 'Oтделение №8 : ул. Никольская, 49', '', 1),
(340, 248, 'Oтделение №8 : ул. Миколайчука, 30', '', 1),
(341, 631, 'Oтделение №8 : ул. Медовая, 6 (Центр, возле водоканала)', '', 1),
(342, 660, 'Oтделение №8 : ул. Малогончаровская, 28/30', '', 1),
(343, 339, 'Oтделение №8 : ул. Квартал 101, 2 (Водоканал)', '', 1),
(344, 680, 'Oтделение №8 : ул. Благовестная, 379', '', 1),
(345, 371, 'Oтделение №8 : просп. Соборности, 38а', '', 1),
(346, 616, 'Oтделение №8 : просп. Михаила Лушпы, 13', '', 1),
(347, 685, 'Oтделение №8 : Красноармейская, 186в', '', 1),
(348, 381, 'Oтделение №8 : ул. Кирова, 71, р-н маг. ', '', 1),
(349, 198, 'Oтделение №8 : просп. Киевский, 13', '', 1),
(350, 119, 'Oтделение №8 : ул. Пушкина, 10', '', 1),
(351, 681, 'Oтделение №8 : ул. Пухова, 142', '', 1),
(352, 565, 'Oтделение №8 : ул. Очаковцев, 19', '', 1),
(353, 390, 'Oтделение №8 : просп. Победы, 70 (Левый берег)', '', 1),
(354, 221, 'Oтделение №8 : просп. Ленина, 43', '', 1),
(355, 188, 'Отделение №8  : просп. Победы, 2б', '', 1),
(356, 283, 'Отделение №79 : ул. Светлицкого, 30/20', '', 1),
(357, 283, 'Отделение №78 : ул. Магнитогорская, 1а (Дарынок)', '', 1),
(358, 283, 'Отделение №77 : просп. Героев Сталинграда, 55', '', 1),
(359, 283, 'Отделение №76 : просп. Победы, 108/1', '', 1),
(360, 283, 'Отделение №75 : ул. Владимирская, 96а', '', 1),
(361, 283, 'Отделение №74 : ул. Межигорская, 56', '', 1),
(362, 283, 'Отделение №73 : ул. Прорезная, 9 (м. Хрещатик)', '', 1),
(363, 283, 'Отделение №72 : ул. Артема, 14 (Львовская пл.)', '', 1),
(364, 283, 'Отделение №71 : ул. Попудренка, 22/14, м.Дарница (Соцгород)', '', 1),
(365, 283, 'Отделение №70 : просп. Победы, 20, м. Политехн. институт', '', 1),
(366, 664, 'Oтделение №7 : ул. Курчатова, 20', '', 1),
(367, 221, 'Oтделение №7 : ул. Космическая, 119', '', 1),
(368, 660, 'Oтделение №7 : просп. Победы, 55е', '', 1),
(369, 188, 'Oтделение №7 : ул. Сыровца, 6', '', 1),
(370, 381, 'Oтделение №7 : ул. Репина, 21', '', 1),
(371, 465, 'Oтделение №7 : ул. Польская, 9/13', '', 1),
(372, 719, 'Oтделение №7 : ул. Московская, 59', '', 1),
(373, 373, 'Oтделение №7 : ул. Лычаковская, 15', '', 1),
(374, 631, 'Oтделение №7 : ул. Леся Курбаса, 5', '', 1),
(375, 426, 'Oтделение №7 : ул. Космонавтов, 62', '', 1),
(376, 572, 'Oтделение №7 : ул. Залеская, 117а', '', 1),
(377, 371, 'Oтделение №7 : ул. Грушевского, 14/37', '', 1),
(378, 189, 'Oтделение №7 : просп. Кирова, 8а', '', 1),
(379, 367, 'Oтделение №7 : кв. 50 лет Октября, 4а', '', 1),
(380, 248, 'Oтделение №7 : г. Тысменица, ул. Галицкая 62/2', '', 1),
(381, 283, 'Oтделение №7 : ул. Магнитогорская, 1а (м. Черниговская)', '', 1),
(382, 341, 'Oтделение №7 : ул. Ленина, 55', '', 1),
(383, 285, 'Oтделение №7 : ул. Космонавта Попова 26, корп. 1', '', 1),
(384, 616, 'Oтделение №7 : ул. Белопольский путь, 30/3', '', 1),
(385, 390, 'Oтделение №7 : просп. Строителей, 86 (в районе магазина ', '', 1),
(386, 681, 'Oтделение №7 : просп. Мира, 50', '', 1),
(387, 198, 'Oтделение №7 : бульв. Шевченка, 119', '', 1),
(388, 283, 'Отделение №69 : ул. Лаврухина, 9 (ТРЦ &quot;Район&quot;)', '', 1),
(389, 283, 'Отделение №68 : ул. Бориса Гмыри, 1 (м. Позняки)', '', 1),
(390, 283, 'Отделение №67 : ул. К. Данькевича, 16 (Троещина)', '', 1),
(391, 283, 'Отделение №66 : ул. Сирецкая, 9 (Куреневка)', '', 1),
(392, 283, 'Отделение №65 : ул. Майорова, 7 (Минский)', '', 1),
(393, 283, 'Отделение №64 : ул. Васильковская, 55 (м. Выставочный Центр)', '', 1),
(394, 283, 'Отделение №63 : ул. Набережно-Хрещатицкая, 15-17/18', '', 1),
(395, 283, 'Отделение №62 : просп. Григоренка, 22/20', '', 1),
(396, 283, 'Отделение №60 : ул. Днепровская набережная, 26и (м. Осокорки)', '', 1),
(397, 198, 'Oтделение №6 : ул. Харитонова, 15', '', 1),
(398, 189, 'Oтделение №6 : ул. Ударников, 27', '', 1),
(399, 283, 'Oтделение №6 : ул. Николая Василенко, 2 (м. Берестейская)', '', 1),
(400, 660, 'Oтделение №6 : ул. Академика Павлова, 120', '', 1),
(401, 465, 'Oтделение №6 : с. Котовка, ул. Кооперативная, 2а (Авторынок ', '', 1),
(402, 221, 'Oтделение №6 : просп. Юбилейный, 12', '', 1),
(403, 572, 'Oтделение №6 : просп. Победы, 213а/1а', '', 1),
(404, 681, 'Oтделение №6 : ул. Шевченко, 46', '', 1),
(405, 381, 'Oтделение №6 : ул. Чубаря, 12', '', 1),
(406, 664, 'Oтделение №6 : ул. Театральная, 1', '', 1),
(407, 371, 'Oтделение №6 : ул. Конякина, 24а', '', 1),
(408, 650, 'Oтделение №6 : ул. Ивана Франка, 56', '', 1),
(409, 367, 'Oтделение №6 : ул. А. Линева, 98б (кафе Корчма)', '', 1),
(410, 339, 'Oтделение №6 : ул. 50 лет Октября, 96 (Торговый центр Простор)', '', 1),
(411, 631, 'Oтделение №6 : просп. Степана Бандеры, 80', '', 1),
(412, 188, 'Oтделение №6 : просп. Ленина, 70', '', 1),
(413, 616, 'Oтделение №6 : пл. Независимости, 1', '', 1),
(414, 122, 'Oтделение №6 : ул. Ленина, 13 (с. Петропавловская Борщаговка)', '', 1),
(415, 685, 'Oтделение №6 : ул. Школьная, 1', '', 1),
(416, 341, 'Oтделение №6 : ул. Тухачевского, 41 (пом.65)', '', 1),
(417, 426, 'Oтделение №6 : ул. Советская, 13/4', '', 1),
(418, 719, 'Oтделение №6 : ул. Крупской, 32ж', '', 1),
(419, 119, 'Oтделение №6 : ул. Зодчих, 10', '', 1),
(420, 34, 'Oтделение №6 : ул. Заярская, 1', '', 1),
(421, 373, 'Oтделение №6 : ул. Сиховская, 8', '', 1),
(422, 283, 'Отделение №59 : ул. Воровского, 39/11', '', 1),
(423, 283, 'Отделение №58 : ул. Выборгская, 49', '', 1),
(424, 283, 'Отделение №56 : ул. Лятошинского, 24', '', 1),
(425, 283, 'Отделение №55 : ул. Островского, 60 (Соломенка)', '', 1),
(426, 283, 'Отделение №52 : просп. М. Бажана, 3', '', 1),
(427, 283, 'Отделение №51 : ул. Красноткацкая, 91', '', 1),
(428, 283, 'Отделение №50 : просп. Победы, 7в (Цырк)', '', 1),
(429, 371, 'Oтделение №5 : ул. Электроаппаратная, 3', '', 1),
(430, 367, 'Oтделение №5 : ул. Фрунзе, 117 (район рынка ', '', 1),
(431, 283, 'Oтделение №5 : ул. Федорова, 32 (м. Олимпийская)', '', 1),
(432, 198, 'Oтделение №5 : ул. Путиловская Роща, 16а', '', 1),
(433, 47, 'Oтделение №5 : ул. Котляревского, 2б', '', 1),
(434, 616, 'Oтделение №5 : ул. Воровского, 20', '', 1),
(435, 341, 'Oтделение №5 : ул. 27 Партсъезда, 9б', '', 1),
(436, 285, 'Oтделение №5 : ул. Шевченко, 16б', '', 1),
(437, 661, 'Oтделение №5 : ул. Розы Люксембург, 11а', '', 1),
(438, 189, 'Oтделение №5 : ул. Плеханова, 5а', '', 1),
(439, 511, 'Oтделение №5 : ул. Октябрьская, 73', '', 1),
(440, 268, 'Oтделение №5 : ул. Леси Украинки, 39/2', '', 1),
(441, 339, 'Oтделение №5 : ул. И. Приходька, 28 (Крюков)', '', 1),
(442, 397, 'Oтделение №5 : ул. Дзержинского, 291/1', '', 1),
(443, 373, 'Oтделение №5 : ул. Данилишина, 2', '', 1),
(444, 650, 'Oтделение №5 : ул. Грушевского, 74а', '', 1),
(445, 664, 'Oтделение №5 (до 30 кг): ул. Каменецкая, 52/3', '', 1),
(446, 214, 'Oтделение №5 : ул. Б. Тена, 9', '', 1),
(447, 631, 'Oтделение №5 : ул. Анатолия Живова, 37', '', 1),
(448, 465, 'Oтделение №5 : ул. Академика Филатова, 24', '', 1),
(449, 540, 'Oтделение №5 : просп. Мира, 13', '', 1),
(450, 381, 'Oтделение №5 : Квартал Гвардейский, 4 (памятник ', '', 1),
(451, 680, 'Oтделение №5 : ул. Руднева, 45', '', 1),
(452, 159, 'Oтделение №5 : ул. Пушкинская, 1б', '', 1),
(453, 122, 'Oтделение №5 : ул. Первомайская, 10', '', 1),
(454, 685, 'Oтделение №5 : ул. Николайчука, 9', '', 1),
(455, 565, 'Oтделение №5 : ул. Леваневского, 4а', '', 1),
(456, 572, 'Oтделение №5 : ул. Киевская, 148', '', 1),
(457, 119, 'Oтделение №5 : ул. Келецкая, 83', '', 1),
(458, 681, 'Oтделение №5 : ул. Инструментальная, 30', '', 1),
(459, 390, 'Oтделение №5 : ул. Артема, 33 (Центр)', '', 1),
(460, 221, 'Oтделение №5 : просп. Ленина, 91', '', 1),
(461, 426, 'Oтделение №5 : просп. Героев Сталинграда, 77/1', '', 1),
(462, 34, 'Oтделение №5 : бул. 50-летия Победы, 86', '', 1),
(463, 283, 'Отделение №49 : ул. Лайоша Гавро, 1, озеро ', '', 1),
(464, 283, 'Отделение №48 : ул. Киквидзе, 7/11 (м. Дружбы Народов)', '', 1),
(465, 660, 'Отделение №40 : ул. Тарасовская, 3', '', 1),
(466, 189, 'Отделение №40 : ул. Героев Гражданской войны, 17', '', 1),
(467, 248, 'Oтделение №4 : ул. Юности, 62б', '', 1),
(468, 119, 'Oтделение №4 : ул. Фурманова, 28', '', 1),
(469, 198, 'Oтделение №4 : ул. Туполева, 22б', '', 1),
(470, 661, 'Oтделение №4 : ул. Патона, 3а', '', 1),
(471, 371, 'Oтделение №4 : ул. Львовская, 152б', '', 1),
(472, 189, 'Oтделение №4 : ул. Ленинградская, 19', '', 1),
(473, 373, 'Oтделение №4 : ул. Кульпарковская, 93а', '', 1),
(474, 159, 'Oтделение №4 : ул. Кузнецова-Зубарева, 18', '', 1),
(475, 283, 'Oтделение №4 : ул. Кричевского, 19, м. Житомирская (Святошин)', '', 1),
(476, 447, 'Oтделение №4 : ул. Красноармейская, 24', '', 1),
(477, 719, 'Oтделение №4 : ул. Изобильная, 18', '', 1),
(478, 660, 'Oтделение №4 : ул. Достоевского, 5', '', 1),
(479, 397, 'Oтделение №4 : ул. Дзержинского, 114/1', '', 1),
(480, 685, 'Oтделение №4 : ул. Главная, 200', '', 1),
(481, 465, 'Oтделение №4 : ул. Вильямса, 86', '', 1),
(482, 664, 'Oтделение №4 : проспект Мира, 102/1', '', 1),
(483, 268, 'Oтделение №4 : ул. Шевченка 15', '', 1),
(484, 321, 'Oтделение №4 : ул. Хабаровская, 32', '', 1),
(485, 540, 'Oтделение №4 : ул. Степана Бандеры, 59', '', 1),
(486, 480, 'Oтделение №4 : ул. Полтавская, 107/1', '', 1),
(487, 214, 'Oтделение №4 : ул. Победы, 99', '', 1),
(488, 650, 'Oтделение №4 : ул. Капушанская,154а', '', 1),
(489, 78, 'Oтделение №4 : ул. Грушевского, 9/1', '', 1),
(490, 69, 'Oтделение №4 : ул. Головатого, 20', '', 1),
(491, 381, 'Oтделение №4 : ул. Генерала Данилова 71/1 (мкр-н ', '', 1),
(492, 339, 'Oтделение №4 : ул. Гагарина, 13', '', 1),
(493, 616, 'Oтделение №4 : просп. Тараса Шевченка, 4', '', 1),
(494, 631, 'Oтделение №4 : просп. Злуки, 8', '', 1),
(495, 367, 'Oтделение №4 : квартал Мирный, 8', '', 1),
(496, 281, 'Oтделение №4 : ул. Марата, 2', '', 1),
(497, 221, 'Oтделение №4 : ул. Якова Новицкого, 4', '', 1),
(498, 47, 'Oтделение №4 : ул. Соборная, 20', '', 1),
(499, 341, 'Oтделение №4 : ул. Постишева, 2a', '', 1),
(500, 511, 'Oтделение №4 : ул. Панянка, 65б', '', 1),
(501, 572, 'Oтделение №4 : ул. Мира, 1а', '', 1),
(502, 414, 'Oтделение №4 : ул. Коммунаров, 36', '', 1),
(503, 431, 'Oтделение №4 : ул. Добролюбова, 42', '', 1),
(504, 680, 'Oтделение №4 : ул. Гагарина, 79', '', 1),
(505, 285, 'Oтделение №4 : ул. Волкова, 13в', '', 1),
(506, 122, 'Oтделение №4 : с. Софиевская Борщаговка, ул. Л. Украинки, 11', '', 1),
(507, 426, 'Oтделение №4 : просп. Октябрьский, 330', '', 1),
(508, 390, 'Oтделение №4 : просп. Нахимова, 108', '', 1),
(509, 188, 'Oтделение №4 : просп. Конституции, 30', '', 1),
(510, 565, 'Oтделение №4 : просп. Героев Сталинграда, 51', '', 1),
(511, 580, 'Oтделение №4 : пер. Парковый, 5 (район ', '', 1),
(512, 34, 'Oтделение №4 : бул. Первого Мая, 44', '', 1),
(513, 681, 'Oтделение №4 : ул. Рокоссовского, 68', '', 1),
(514, 189, 'Отделение №39 : Запорожское шоссе, 40', '', 1),
(515, 660, 'Отделение №39 : просп. Гагарина, 48', '', 1),
(516, 189, 'Отделение №38 : ул. Харьковска, 4', '', 1),
(517, 283, 'Отделение №38 : ул. Николая Закревского, 29 (Троещина)', '', 1),
(518, 660, 'Отделение №38 : просп. Косиора, 184', '', 1),
(519, 660, 'Отделение №37 : ул. Клочковская, 244', '', 1),
(520, 189, 'Отделение №37 : ул. Буденного, 29 (ж. м. Западный)', '', 1),
(521, 660, 'Отделение №36 : ул. Октябрьской революции, 92', '', 1),
(522, 189, 'Отделение №36 : ул. Жуковского, 2е', '', 1),
(523, 283, 'Отделение №36 : ул. Елены Телиги, 31/1', '', 1),
(524, 465, 'Отделение №36 : ул. Гайдара, 5', '', 1),
(525, 283, 'Отделение №35 : ул. Фучика, 3 (ЦСКА)', '', 1),
(526, 189, 'Отделение №35 : ул. Кондукторская, 2б (ж/м Северный)', '', 1),
(527, 660, 'Отделение №35 : ул. Героев труда, 14 (ТЦ Джокер 2 єтаж)', '', 1),
(528, 465, 'Отделение №35 : ул. Академика Королева, 46', '', 1),
(529, 283, 'Отделение №34 : ул. Ташкентская, 60 (м. Бориспольская)', '', 1),
(530, 465, 'Отделение №34 : ул. Сергея Ядова, 16а', '', 1),
(531, 660, 'Отделение №34 : ул.  Энгельса, 14', '', 1),
(532, 189, 'Отделение №34 : просп. Калинина, 3а', '', 1),
(533, 283, 'Отделение №33 : ул. Закревского, 18 (Троещина)', '', 1),
(534, 465, 'Отделение №33 : ул. Романа Кармена, 15 (просп. Шевченка)', '', 1),
(535, 660, 'Отделение №33 : ул. Сумская, 124', '', 1),
(536, 189, 'Отделение №33 : пер. Парусный, 19', '', 1),
(537, 465, 'Отделение №32 : ул. Фонтанская дорога, 121', '', 1),
(538, 283, 'Отделение №32 : ул. Каховская, 60 (Никольская Слободка)', '', 1),
(539, 189, 'Отделение №32 (до 30 кг): ул. Дзержинского, 10', '', 1),
(540, 660, 'Отделение №32 : ул. Красношкольная Набережная, 26', '', 1),
(541, 660, 'Отделение №31 : ТЦ ', '', 1),
(542, 465, 'Отделение №31 : ул. Героев Сталинграда, 52', '', 1),
(543, 283, 'Отделение №31 : ул. Московская, 5/2а, м. Арсенальная(Печерск)', '', 1),
(544, 189, 'Отделение №31 : ул. Рабочая, 89', '', 1),
(545, 465, 'Отделение №30 : ул. Успенская, 7', '', 1),
(546, 283, 'Отделение №30 : ул. Привокзальная, 14 (Дарница ЖД)', '', 1),
(547, 660, 'Отделение №30 : просп. Московский, 232а', '', 1),
(548, 660, 'Oтделение №3 : ул. Якира, 124', '', 1),
(549, 426, 'Oтделение №3 : ул. Электронная, 81/7', '', 1),
(550, 616, 'Oтделение №3 : ул. Харьковская, 105', '', 1),
(551, 373, 'Oтделение №3 : ул. Угорская, 22', '', 1),
(552, 189, 'Oтделение №3 : ул. Тверская, 1', '', 1),
(553, 381, 'Oтделение №3 : ул. Свердлова, 64', '', 1),
(554, 390, 'Oтделение №3 : ул. Ломизова, 1 (Левый берег)', '', 1),
(555, 654, 'Oтделение №3 : ул. Ленинской искры, 1/24', '', 1),
(556, 122, 'Oтделение №3 : ул. Ленина, 21а (Соф. Борщаговка)', '', 1),
(557, 198, 'Oтделение №3 : ул. Куйбышева, 70 (Стройдеревня, склад №43)', '', 1),
(558, 685, 'Oтделение №3 : ул. Коломыйская, 9г (территория ООО ', '', 1),
(559, 283, 'Oтделение №3 : ул. Калачевская, 13 (Старая Дарница)', '', 1),
(560, 631, 'Oтделение №3 : ул. Западная, 2', '', 1),
(561, 465, 'Oтделение №3 : ул. Дальницкая, 23/4', '', 1),
(562, 664, 'Oтделение №3 : ул. Ватутина, 11', '', 1),
(563, 221, 'Oтделение №3 : ул. Айвазовского, 9 (правый берег)', '', 1),
(564, 321, 'Oтделение №3 : ул. 19-го Партсъезда, 39', '', 1),
(565, 48, 'Oтделение №3 : ул, Шевченко, 71', '', 1),
(566, 214, 'Oтделение №3 : ул. Якира, 3', '', 1),
(567, 47, 'Oтделение №3 : ул. Урицкого, 2', '', 1),
(568, 657, 'Oтделение №3 : ул. Советская, 13 ', '', 1),
(569, 443, 'Oтделение №3 : ул. Пушкина, 3', '', 1),
(570, 414, 'Oтделение №3 : ул. Осипенка, 35в', '', 1),
(571, 441, 'Oтделение №3 : ул. Нововолынская, 53 (напротив школы №2)', '', 1),
(572, 366, 'Oтделение №3 : ул. Монастырская, 71', '', 1),
(573, 200, 'Oтделение №3 : ул. М. Грушевского, 42', '', 1),
(574, 304, 'Oтделение №3 : ул. Ленина, 43, оф.1', '', 1),
(575, 293, 'Oтделение №3 : ул. Левицкого, 2а (район рынка ', '', 1),
(576, 34, 'Oтделение №3 : ул. Леваневского, 47/1', '', 1),
(577, 207, 'Oтделение №3 : ул. Конституции, 3', '', 1),
(578, 519, 'Oтделение №3 : ул. Киевская, 273/5', '', 1),
(579, 462, 'Oтделение №3 : ул. Каштанова, 9б', '', 1),
(580, 248, 'Oтделение №3 : ул. Железнодорожная, 4', '', 1),
(581, 371, 'Oтделение №3 : ул. Ершова, 11 (напротив ', '', 1),
(582, 480, 'Oтделение №3 : ул. Днепровская, 563а', '', 1),
(583, 6, 'Oтделение №3 : ул. Горького, 6', '', 1),
(584, 268, 'Oтделение №3 : ул. Васильева, 1', '', 1),
(585, 367, 'Oтделение №3 : ул. В. В. Шевченко, 10', '', 1),
(586, 650, 'Oтделение №3 : ул. Берчени, 48', '', 1),
(587, 339, 'Oтделение №3: ул. 60-летия Октября, 77', '', 1),
(588, 69, 'Oтделение №3 : с. Мартусовка, ул. Моисеева, 70', '', 1),
(589, 681, 'Oтделение №3 : просп. Победы, 139', '', 1),
(590, 706, 'Oтделение №3 : пер. Шевченко, 2', '', 1),
(591, 119, 'Oтделение №3 : ул. Хлебная, 19', '', 1),
(592, 484, 'Oтделение №3 : ул. Советская, 39', '', 1),
(593, 511, 'Oтделение №3 : ул. Пушкина, 46', '', 1),
(594, 566, 'Oтделение №3 : ул. Науки, 22', '', 1),
(595, 582, 'Oтделение №3 : ул. Ленина, 73', '', 1),
(596, 341, 'Oтделение №3 : ул. Кропивницкого, 29в', '', 1),
(597, 285, 'Oтделение №3 : ул. Кирова, 85', '', 1),
(598, 312, 'Oтделение №3 : ул. Кирова, 55', '', 1),
(599, 565, 'Oтделение №3 : ул. Гоголя, 36', '', 1),
(600, 402, 'Oтделение №3 : ул. Гоголя, 170в', '', 1),
(601, 548, 'Oтделение №3 : ул. 30 лет Победы, 12а', '', 1),
(602, 188, 'Oтделение №3 : просп. Металлургов, 6б', '', 1),
(603, 3, 'Oтделение №3 : просп. Ленина, 111', '', 1),
(604, 661, 'Oтделение №3 : просп. Адмирала Сенявина, 11а', '', 1),
(605, 257, 'Oтделение №3 : пгт. Гостомель, ул. Ленина, 84б', '', 1),
(606, 680, 'Oтделение №3 : бульв. Шевченко, 150', '', 1),
(607, 78, 'Oтделение №3 : бульв. Независимости, 16а', '', 1),
(608, 572, 'Oтделение №3 : ул. Кирова, 29/1 (Бизнес Центр)', '', 1),
(609, 189, 'Отделение №29 : ул. Титова, 21', '', 1),
(610, 660, 'Отделение №29 : ул. Командарма Корка, 4', '', 1),
(611, 283, 'Отделение №29 : ул. Васильковская, 34в', '', 1),
(612, 465, 'Отделение №29 : ул. 25 Чапаевской дивизии, 17', '', 1),
(613, 189, 'Отделение №28 : ул. Березинская, 58', '', 1),
(614, 660, 'Отделение №28 : ул. Культуры, 23', '', 1),
(615, 465, 'Отделение №28 : ул. Академика Королева, 94', '', 1),
(616, 283, 'Отделение №28 : ул. Семьи Сосниных, 7а', '', 1),
(617, 660, 'Отделение №27 : ул. Шевченко, 317', '', 1),
(618, 465, 'Отделение №27 : ул. Бочарова, 6', '', 1);
INSERT INTO `oc_np_city` (`city_id`, `zone_id`, `name`, `code`, `status`) VALUES
(619, 283, 'Отделение №27 : просп. Василия Порика, 13в (Виноградар)', '', 1),
(620, 465, 'Отделение №26 : ул. Днепропетровская дорога, 113б', '', 1),
(621, 189, 'Отделение №26 : просп. Петровского, 36', '', 1),
(622, 283, 'Отделение №26 : ул. Киквидзе, 31 (Верхняя Теличка)', '', 1),
(623, 660, 'Отделение №26 : ТЦ ', '', 1),
(624, 198, 'Отделение №25 : просп. Гурова, 7', '', 1),
(625, 465, 'Отделение №25 : просп. Адмиральский, 18', '', 1),
(626, 189, 'Отделение №25 : просп. Пушкина, 3', '', 1),
(627, 283, 'Отделение №25 : ул. М. Тимошенка, 9', '', 1),
(628, 465, 'Отделение №24 : ул. Среднефонтанская, 34', '', 1),
(629, 660, 'Отделение №24 : ул. Полтавский Шлях, 154', '', 1),
(630, 198, 'Отделение №24 : ул. Горького, 146', '', 1),
(631, 283, 'Отделение №24 : ул. Белорусская, 21 (м. Лукьяновская)', '', 1),
(632, 660, 'Отделение №23 : ул. Академика Павлова, 134/16', '', 1),
(633, 283, 'Отделение №23 : просп. Н. Бажана, 24/1 (м. Позняки)', '', 1),
(634, 465, 'Отделение №23 : ул. Сахарова, 36', '', 1),
(635, 198, 'Отделение №23 : ул. Прожекторная, 1а', '', 1),
(636, 198, 'Отделение №22 : ул. Майская, 66', '', 1),
(637, 660, 'Отделение №22 : ул. Чернишевская, 1', '', 1),
(638, 283, 'Отделение №22 : ул. Ревуцкого, 26 (Харьковский масив)', '', 1),
(639, 367, 'Отделение №22 : кв. Волкова, 5', '', 1),
(640, 221, 'Отделение №22 : ул. Чаривная, 121', '', 1),
(641, 198, 'Отделение №21 : ул. Петровского, 256д', '', 1),
(642, 367, 'Отделение №21 : ул. Оборонная, 26б (ТЦ ', '', 1),
(643, 283, 'Отделение №21 : просп. В. Маяковского, 10, Парк Деснянский', '', 1),
(644, 341, 'Отделение №21 : ул. Адмирала Головко, 44а', '', 1),
(645, 221, 'Отделение №21 : ул. Новгородска, 9', '', 1),
(646, 283, 'Отделение №20 : пер. Новопечерский, 5 ( м. Дворец Украина)', '', 1),
(647, 341, 'Отделение №20 : микрорайон Солнечный, 41а', '', 1),
(648, 367, 'Отделение №20 : ул. Градусова, 4', '', 1),
(649, 465, 'Отделение №20 : ул. Малая Арнаутская 119', '', 1),
(650, 221, 'Отделение №20 : ул. Лермонтова, 15 (ул. Патриотическая, 48)', '', 1),
(651, 189, 'Отделение №20 : ул. Героев Сталинграда, 3', '', 1),
(652, 680, 'Oтделение №2 : ул. Чигиринская, 11/1', '', 1),
(653, 198, 'Oтделение №2 : ул. Таврическая, 139', '', 1),
(654, 572, 'Oтделение №2 : ул. Севастопольская, 31', '', 1),
(655, 335, 'Oтделение №2 : ул. Свободы, 28а, корп. 3', '', 1),
(656, 565, 'Oтделение №2 : ул. Руднева, 1г', '', 1),
(657, 285, 'Oтделение №2 : ул. Полтавская, 83', '', 1),
(658, 511, 'Отделение №2: ул. Ковпака, 26', '', 1),
(659, 373, 'Oтделение №2 : ул. Пластова, 7', '', 1),
(660, 426, 'Oтделение №2 : ул. Мореходная, 1а', '', 1),
(661, 119, 'Oтделение №2 : ул. Липовецкая, 6а (ТЦ «Виват»)', '', 1),
(662, 341, 'Oтделение №2 : ул. Леонида Бородича, 17', '', 1),
(663, 221, 'Oтделение №2 : ул. Карпенко-Карого, 52', '', 1),
(664, 685, 'Oтделение №2 : ул. Калиновская, 13 (МТК ', '', 1),
(665, 664, 'Oтделение №2 : ул. Геологов, 2 (територрия рынка)', '', 1),
(666, 283, 'Oтделение №2 : ул. Бережанская, 9 (Оболонь Луговая)', '', 1),
(667, 465, 'Oтделение №2 : ул. Базовая, 16 (Промрынок, 7 км)', '', 1),
(668, 189, 'Oтделение №2 : ул. Академика Янгеля, 40', '', 1),
(669, 660, 'Oтделение №2 : просп. Московский, 54а', '', 1),
(670, 257, 'Oтделение №2 : пгт. Гостомель, ул. Чкалова, 37а (на территории ', '', 1),
(671, 336, 'Oтделение №2 : ул. Павловская, 60', '', 1),
(672, 366, 'Oтделение №2 : ул. Ярослава Мудрого, 50, кв. 65', '', 1),
(673, 547, 'Oтделение №2 : ул. Щучки, 4ж', '', 1),
(674, 397, 'Oтделение №2 : ул. Шмидта, 6', '', 1),
(675, 555, 'Oтделение №2 : ул. Широкая, 13', '', 1),
(676, 274, 'Oтделение №2 : ул. Шевченко, 41г', '', 1),
(677, 238, 'Oтделение №2 : ул. Шевченка, 66', '', 1),
(678, 540, 'Oтделение №2 : ул. Чорновола, 14/16', '', 1),
(679, 17, 'Oтделение №2 : ул. Чайковского, 41', '', 1),
(680, 603, 'Oтделение №2 : ул. Трудовая, 12а', '', 1),
(681, 6, 'Oтделение №2 : ул. Таврическая, 3', '', 1),
(682, 277, 'Oтделение №2 : ул. Пушкина, 93', '', 1),
(683, 441, 'Oтделение №2 : ул. Проспект Победы, 19 (напротив Водоканала)', '', 1),
(684, 204, 'Oтделение №2 : ул. Почтовая, 19', '', 1),
(685, 268, 'Oтделение №2 : ул. Первомайская, 7а', '', 1),
(686, 519, 'Oтделение №2 : ул. Первого Мая, 82', '', 1),
(687, 339, 'Oтделение №2 : ул. Октябрьская,31/16 (Центр)', '', 1),
(688, 69, 'Oтделение №2 : ул. Нижний Вал, 1а', '', 1),
(689, 414, 'Oтделение №2 : ул. Мира, 55', '', 1),
(690, 659, 'Oтделение №2 : ул. Металлургов, 5 (остановка ', '', 1),
(691, 548, 'Oтделение №2 : ул. Менделеева, 21', '', 1),
(692, 214, 'Oтделение №2 : ул. Маршала Рыбалко, 28', '', 1),
(693, 122, 'Oтделение №2 : ул. Леси Украинки, 19', '', 1),
(694, 480, 'Oтделение №2 : ул. Ленина, 75', '', 1),
(695, 7, 'Oтделение №2 : ул. Ленина, 45', '', 1),
(696, 654, 'Oтделение №2 : ул. Ленина, 31', '', 1),
(697, 656, 'Oтделение №2 : ул. Л.Толстого, 6', '', 1),
(698, 614, 'Oтделение №2 : ул. Коссака, 6/58', '', 1),
(699, 371, 'Oтделение №2 : ул. Ковельская, 68', '', 1),
(700, 123, 'Oтделение №2 : ул. Ковельская, 132/1', '', 1),
(701, 141, 'Oтделение №2 : ул. Киевская, 2', '', 1),
(702, 402, 'Oтделение №2 : ул. Кашинського, 4', '', 1),
(703, 609, 'Oтделение №2 : ул. Карла Либкнехта, 78б', '', 1),
(704, 566, 'Oтделение №2 : ул. Заводская, 21', '', 1),
(705, 686, 'Oтделение №2 : ул. Димитрова, 5б (Рынок Юбилейный)', '', 1),
(706, 35, 'Oтделение №2 : ул. Дзержинского, 54', '', 1),
(707, 207, 'Oтделение №2 : ул. Демышева, 127а', '', 1),
(708, 317, 'Oтделение №2 : ул. Грушевского, 20', '', 1),
(709, 301, 'Oтделение №2 : ул. Гетьманская, 12', '', 1),
(710, 248, 'Oтделение №2 : ул. Вовчинецкая, 26', '', 1),
(711, 14, 'Oтделение №2 : ул. Ветеранов, 2б', '', 1),
(712, 447, 'Oтделение №2 : ул. Великая Ковалевка, 6', '', 1),
(713, 322, 'Oтделение №2 : ул. Булаенка, 13', '', 1),
(714, 148, 'Oтделение №2 : ул. Братьев Коваленко, 54', '', 1),
(715, 200, 'Oтделение №2 : ул. Бориславская, 2', '', 1),
(716, 562, 'Oтделение №2 : ул. Богдана Хмельницкого, 34', '', 1),
(717, 616, 'Oтделение №2 (до 30 кг): ул. Петропавловская, 93', '', 1),
(718, 363, 'Oтделение №2 : ул. 1-й микрорайон, 17/4', '', 1),
(719, 419, 'Oтделение №2 : ул.  Московская, 11', '', 1),
(720, 681, 'Oтделение №2 : просп. Победы, 50', '', 1),
(721, 702, 'Oтделение №2 : просп. Мира, 5', '', 1),
(722, 381, 'Oтделение №2 : просп. Ленина, 117', '', 1),
(723, 367, 'Oтделение №2 : площадь Героев ВОВ, 5', '', 1),
(724, 210, 'Oтделение №2 : пл. Ленина, 8', '', 1),
(725, 345, 'Отд.№2 : район Ювилейный №1, рынок Северный, киоск №90', '', 1),
(726, 267, 'Oтделение №2 : бульв. Независимости, 6', '', 1),
(727, 661, 'Oтделение №2 : ул. Ушакова, 50', '', 1),
(728, 293, 'Oтделение №2 : ул. Театральная, 18 (кинотеатр им. Л. Украинки)', '', 1),
(729, 304, 'Oтделение №2 : ул. Строна, 3', '', 1),
(730, 650, 'Oтделение №2 : ул. Станционная, 16/1', '', 1),
(731, 312, 'Oтделение №2 : ул. Сосновського 25', '', 1),
(732, 212, 'Oтделение №2 : ул. Петровского, 50а', '', 1),
(733, 321, 'Oтделение №2 : ул. Луначарского, 2', '', 1),
(734, 249, 'Oтделение №2 : ул. Комсомольская, 57', '', 1),
(735, 677, 'Oтделение №2 : ул. Клюсовская, 20', '', 1),
(736, 188, 'Oтделение №2 : ул. Кирова, 12', '', 1),
(737, 78, 'Oтделение №2 : ул. Киевская, 302', '', 1),
(738, 462, 'Oтделение №2 : ул. Киевская, 121ж', '', 1),
(739, 484, 'Oтделение №2 : ул. Достоевского, 2а', '', 1),
(740, 34, 'Oтделение №2 : ул. Вокзальная, 22', '', 1),
(741, 390, 'Oтделение №2 : ул. Варганова, 10', '', 1),
(742, 573, 'Oтделение №2 : ул. Мира, 10', '', 1),
(743, 582, 'Oтделение №2 : ул. 40 лет Победы, 6', '', 1),
(744, 324, 'Oтделение №2 : торг. центр ', '', 1),
(745, 126, 'Oтделение №2 : просп. Кирова, 16/6', '', 1),
(746, 308, 'Oтделение №2 : пл. Победы, 16', '', 1),
(747, 552, 'Oтделение №2 : пгт. Новофедоровка, ул. Героев, 2 (кафе ', '', 1),
(748, 360, 'Oтделение №2 : кв. Октябрьской Революции, 5', '', 1),
(749, 631, 'Oтделение №2 : ул. Русская, 8', '', 1),
(750, 719, 'Oтделение №2 : ул. Васильева, 14', '', 1),
(751, 189, 'Отделение №19 : ул. Паникахи, 91', '', 1),
(752, 660, 'Отделение №19 : ул. Морозова, 18', '', 1),
(753, 283, 'Отделение №19 : ул. Сулеймана Стальского, 23', '', 1),
(754, 465, 'Отделение №19 : ул. Генерала Петрова, 33', '', 1),
(755, 373, 'Отделение №19 : ул. Академика Сахарова, 82', '', 1),
(756, 367, 'Отделение №19 : квартал Восточный, 2', '', 1),
(757, 221, 'Отделение №19 : ул. Чумаченка, 37', '', 1),
(758, 341, 'Отделение №19 : ул. Мусоргского, 20', '', 1),
(759, 341, 'Отделение №18 : ул. Тбилисская, 4', '', 1),
(760, 283, 'Отделение №18 : ул. Молодогвардейская, 22 (Чоколовка)', '', 1),
(761, 198, 'Отделение №18 : ул. Фрунзе, 89', '', 1),
(762, 189, 'Отделение №18 (до 30 кг): ул. Рабочая, 148', '', 1),
(763, 367, 'Отделение №18 : ул. Алексеева, 6/2 (ЦЕНТРАЛЬНЫЙ РЫНОК)', '', 1),
(764, 373, 'Отделение №18 : ул. Научная, 12а', '', 1),
(765, 221, 'Отделение №18 : ул. Орджоникидзе,11', '', 1),
(766, 283, 'Отделение №17 : ул. Новоконстантиновская, 22/15 (Стадион ', '', 1),
(767, 367, 'Отделение №17 : ул. Котельникова, 7', '', 1),
(768, 189, 'Отделение №17 : ул. Донецкое шоссе, 1', '', 1),
(769, 373, 'Отделение №17 : ул. Шевченка, 323', '', 1),
(770, 198, 'Отделение №17 : ул. Куйбышева, 260', '', 1),
(771, 565, 'Отделение №16 : ул. Богданова, 15', '', 1),
(772, 283, 'Отделение №16 : просп. Московский, 16а (м. Петровка)', '', 1),
(773, 373, 'Отделение №16 : просп. Красной Калины, 76', '', 1),
(774, 189, 'Отделение №16 : пл. Ленина, 1', '', 1),
(775, 367, 'Отделение №16 : кв. Якира, 7/184', '', 1),
(776, 198, 'Отделение №16 : ул. Артёма, 173', '', 1),
(777, 465, 'Отделение №16 : ул. Академика Королева, 1', '', 1),
(778, 341, 'Отделение №16 : 4-мрн. Заречный, 30а', '', 1),
(779, 465, 'Отделение №15 : ул. Тираспольское шоссе, 15б', '', 1),
(780, 283, 'Отделение №15 : ул. Малинская, 18 (Новобеличи)', '', 1),
(781, 189, 'Отделение №15 : просп. Труда, 9', '', 1),
(782, 664, 'Отделение №15 : ул. Панаса Мирного, 4/1', '', 1),
(783, 373, 'Отделение №15 : ул. Героев УПА, 6', '', 1),
(784, 367, 'Отделение №15 : ул. 50-летия Образования СССР, 34', '', 1),
(785, 119, 'Отделение №15 : ул. Данила Нечая, 77а', '', 1),
(786, 572, 'Отделение №15 : просп. Победы, 7', '', 1),
(787, 341, 'Отделение №15 : просп. Мира, 31', '', 1),
(788, 198, 'Отделение №15 : просп. Ленинский, 26', '', 1),
(789, 660, 'Отделение №15 : ул. Петра Свинаренка, 20', '', 1),
(790, 283, 'Отделение №14 : ул. Краснознаменная, 154 (Пирогов)', '', 1),
(791, 119, 'Отделение №14 : Сабаровское шоссе, 1б/2д', '', 1),
(792, 660, 'Отделение №14 : просп. Московский, 199б (ТЦ СанСити, 2)', '', 1),
(793, 373, 'Отделение №14 : ул. Словацкого, 5', '', 1),
(794, 367, 'Отделение №14 : ул. Кирова, 30', '', 1),
(795, 664, 'Отделение №14 : ул. Каменецкая, 159', '', 1),
(796, 189, 'Отделение №14 : бульв. Славы, 6', '', 1),
(797, 572, 'Отделение №14 : ул. Караимская, 16а', '', 1),
(798, 565, 'Отделение №14 : ул. Горпищенко, 76', '', 1),
(799, 426, 'Отделение №14 : просп. Ленина, 159', '', 1),
(800, 283, 'Отделение №13 : ул. Оранжерейна, 3 (метро Дорогожичи)', '', 1),
(801, 660, 'Отделение №13 : пгт. Дергачи, ул. Привокзальная, 4', '', 1),
(802, 664, 'Отделение №13 : ул. Черновола, 84', '', 1),
(803, 214, 'Отделение №13 : ул. Московская, 26', '', 1),
(804, 189, 'Отделение №13 : просп. Гагарина, 43', '', 1),
(805, 367, 'Отделение №13 : кв. Жукова, 4', '', 1),
(806, 373, 'Отделение №13 : ул. Ставова, 7в', '', 1),
(807, 341, 'Отделение №13 : ул. Мелешкина, 9, пом. 3', '', 1),
(808, 426, 'Отделение №13 : ул. Красных Маёвщиков, 17/7', '', 1),
(809, 572, 'Отделение №13 : ул. Кечкеметская, 96а', '', 1),
(810, 198, 'Отделение №13 : ул. Ионова, 18', '', 1),
(811, 119, 'Отделение №13 : ул. Грибоедова, 3', '', 1),
(812, 565, 'Отделение №13 : просп. Октябрьской Революции, 56', '', 1),
(813, 283, 'Отделение №12 : ул. Причальная, 5а (Днепровская Набережная)', '', 1),
(814, 660, 'Отделение №12 : ул. Лукъяновская, 2', '', 1),
(815, 661, 'Отделение №12 : ул. Ладичука, 150', '', 1),
(816, 572, 'Отделение №12 : пгт. Гвардейское, ул. Алейная, 1а', '', 1),
(817, 540, 'Отделение №12 : ул. Черняка, 4', '', 1),
(818, 373, 'Отделение №12 : ул. Сирка, 21, (р-н Левандовка)', '', 1),
(819, 426, 'Отделение №12 : ул. Пушкинская, 33', '', 1),
(820, 664, 'Отделение №12 : ул. Заречанская, 57/1', '', 1),
(821, 465, 'Отделение №12 : пер. Маяковского, 9', '', 1),
(822, 367, 'Отделение №12 : квартал Ленинского Комсомола, 7г', '', 1),
(823, 189, 'Отделение №12 : жилой массив Комунар, 3а', '', 1),
(824, 371, 'Отделение №12 : бульв. Дружбы Народов, 4', '', 1),
(825, 565, 'Отделение №12 : ул. Хрюкина, 1а', '', 1),
(826, 119, 'Отделение №12 : ул. Пирогова, 31', '', 1),
(827, 390, 'Отделение №12 : просп. Ленина, 121 (ориентир магазин ', '', 1),
(828, 214, 'Отделение №11 : ул. Щорса, 94', '', 1),
(829, 540, 'Отделение №11 : ул. Фабричная, 1', '', 1),
(830, 465, 'Отделение №11 : ул. Николаевская дорога, 243', '', 1),
(831, 572, 'Отделение №11 : ул. Героев Сталинграда, 8', '', 1),
(832, 664, 'Отделение №11 : ул. Проскуровского подполья, 71/1', '', 1),
(833, 426, 'Отделение №11 : просп. Мира, 13', '', 1),
(834, 189, 'Отделение №11 : просп. Газеты Правды, 6', '', 1),
(835, 660, 'Отделение №11 : просп. Гагарина, 41/2', '', 1),
(836, 373, 'Отделение №11 (до 30 кг): ул. Городоцкая, 120', '', 1),
(837, 221, 'Отделение №11 : бульв. Шевченко, 27', '', 1),
(838, 119, 'Отделение №11 : ул. Фрунзе, 58', '', 1),
(839, 680, 'Отделение №11 : ул. Ленина, 6', '', 1),
(840, 511, 'Отделение №11 : ул. Красина, 79', '', 1),
(841, 565, 'Отделение №11 : ул. Косарева, 1', '', 1),
(842, 685, 'Отделение №11 : ул. Василе Александри, 2в (Садгора)', '', 1),
(843, 661, 'Отделение №11 : ул. 40 лет Октября, 110', '', 1),
(844, 283, 'Отделение №11 : просп. Краснозвездный, 119 (м. Демеевская)', '', 1),
(845, 390, 'Отделение №11 : просп. Ильича, 69 (напротив кафе ', '', 1),
(846, 119, 'Отделение №10 : Хмельницкое шоссе, 82', '', 1),
(847, 189, 'Отделение №10 : ул. Собинова 10а', '', 1),
(848, 283, 'Отделение №10 : ул. Онуфрия Трутенко, 6 (метро Васильковская)', '', 1),
(849, 540, 'Отделение №10 : ул. Пересопницкая, 58 (возле Драмтеатра)', '', 1),
(850, 373, 'Отделение №10 : ул. Левицкого, 7', '', 1),
(851, 198, 'Отделение №10 : ул. Куйбышева, 131е', '', 1),
(852, 565, 'Отделение №10 : ул. Крестовского, 13', '', 1),
(853, 465, 'Отделение №10 : ул. Затонского, 4', '', 1),
(854, 221, 'Отделение №10 : ул. Гаврилова, 7', '', 1),
(855, 426, 'Отделение №10 : просп.Ленина, 86/3', '', 1),
(856, 511, 'Отделение №10 : ул. Фрунзе, 63', '', 1),
(857, 680, 'Отделение №10 : ул. Одесская, 8', '', 1),
(858, 661, 'Отделение №10 : ул. Греческая (Ленина), 40', '', 1),
(859, 390, 'Отделение №10 : просп. Ленина, 87а (р-н ', '', 1),
(860, 248, 'Отделение №10 : пгт. Богородчаны, ул. Б. Хмельницкого, 3/1', '', 1),
(861, 660, 'Отделение №10 : ул. Чайковского, 5/7/9', '', 1),
(862, 512, 'Oтделение №1 : участок Щывки, дом 1, помещение 5', '', 1),
(863, 55, 'Oтделение №1 : ул., Шевченка, 35', '', 1),
(864, 48, 'Oтделение №1 : ул. Юнатов, 10', '', 1),
(865, 557, 'Oтделение №1 : ул. Южновокзальная, 3', '', 1),
(866, 686, 'Oтделение №1 : ул. Южная, 15а', '', 1),
(867, 487, 'Oтделение №1 : ул. Юбилейная, 9а', '', 1),
(868, 128, 'Oтделение №1 : ул. Юбилейная, 4', '', 1),
(869, 321, 'Oтделение №1 : ул. Юбилейная, 17 (Декор Сервис)', '', 1),
(870, 519, 'Oтделение №1 : ул. Ю. Коптева, 61', '', 1),
(871, 345, 'Oтделение №1 : ул. Энергетиков, 5', '', 1),
(872, 77, 'Oтделение №1 : ул. Энгельса, 5', '', 1),
(873, 325, 'Oтделение №1 : ул. Энгельса, 38', '', 1),
(874, 196, 'Oтделение №1 : ул. Щорса, 9а', '', 1),
(875, 246, 'Oтделение №1 : ул. Щорса, 6', '', 1),
(876, 718, 'Oтделение №1 : ул. Щорса, 2', '', 1),
(877, 550, 'Oтделение №1 : ул. Шраменка, 32', '', 1),
(878, 12, 'Oтделение №1 : ул. Шоссейная, 14а', '', 1),
(879, 243, 'Oтделение №1 : ул. Шоссейна, 93', '', 1),
(880, 266, 'Oтделение №1 : ул. Шмидта, 3', '', 1),
(881, 482, 'Oтделение №1 : ул. Шевченко, 97', '', 1),
(882, 253, 'Oтделение №1 : ул. Шевченко, 78', '', 1),
(883, 327, 'Oтделение №1 : ул. Шевченко, 78', '', 1),
(884, 340, 'Oтделение №1 : ул. Шевченко, 6', '', 1),
(885, 136, 'Oтделение №1 : ул. Шевченко, 28а', '', 1),
(886, 174, 'Oтделение №1 : ул. Шевченко, 18в', '', 1),
(887, 167, 'Oтделение №1 : ул. Шевченко, 16б', '', 1),
(888, 409, 'Oтделение №1 : ул. Шевченко, 15 (проходная табачной фабрики)', '', 1),
(889, 524, 'Oтделение №1 : ул. Шевченко, 107', '', 1),
(890, 96, 'Oтделение №1 : ул. Шевченка, 95', '', 1),
(891, 446, 'Oтделение №1 : ул. Шевченка, 48', '', 1),
(892, 292, 'Oтделение №1 : ул. Шевченка, 40', '', 1),
(893, 611, 'Oтделение №1 : ул. Шевченка, 33', '', 1),
(894, 306, 'Oтделение №1 : ул. Шевченка, 2', '', 1),
(895, 287, 'Oтделение №1 : ул. Шевченка, 15а', '', 1),
(896, 649, 'Oтделение №1 : ул. Шахтерская, 3', '', 1),
(897, 270, 'Oтделение №1 : ул. Чупринки, 15', '', 1),
(898, 161, 'Oтделение №1 : ул. Чупринки, 12/1', '', 1),
(899, 98, 'Oтделение №1 : ул. Чкалова, 25', '', 1),
(900, 639, 'Oтделение №1 : ул. Чкалова, 16', '', 1),
(901, 226, 'Oтделение №1 : ул. Чехова, 7', '', 1),
(902, 53, 'Oтделение №1 : ул. Чехова, 22/1', '', 1),
(903, 637, 'Oтделение №1 : ул. Черняховского, 4а', '', 1),
(904, 721, 'Oтделение №1 : ул. Чернавина, 42а', '', 1),
(905, 131, 'Oтделение №1 : ул. Чапаева, 18', '', 1),
(906, 494, 'Oтделение №1 : ул. Чапаева, 1', '', 1),
(907, 286, 'Oтделение №1 : ул. Циолковского, 12в', '', 1),
(908, 237, 'Oтделение №1 : ул. Центральная, 7а (РЫНОК)', '', 1),
(909, 714, 'Oтделение №1 : ул. Центральная, 4', '', 1),
(910, 102, 'Oтделение №1 : ул. Центральная, 27', '', 1),
(911, 680, 'Oтделение №1 : ул. Хоменка 15', '', 1),
(912, 510, 'Oтделение №1 : ул. Ходякова, 27е', '', 1),
(913, 662, 'Oтделение №1 : ул. Хировская, 133', '', 1),
(914, 454, 'Oтделение №1 : ул. Фрунзе, 7', '', 1),
(915, 332, 'Oтделение №1 : ул. Фрунзе, 33', '', 1),
(916, 511, 'Oтделение №1 : ул. Фрунзе, 225', '', 1),
(917, 495, 'Oтделение №1 : ул. Филиппова, 21б', '', 1),
(918, 566, 'Oтделение №1 : ул. Федоренко, 10, корп. 2', '', 1),
(919, 366, 'Oтделение №1 : ул. Фабричная, 7', '', 1),
(920, 117, 'Oтделение №1 : ул. Украинская, 87', '', 1),
(921, 523, 'Oтделение №1 : ул. Украинская, 34', '', 1),
(922, 623, 'Oтделение №1 : ул. Тура, 80а', '', 1),
(923, 609, 'Oтделение №1 : ул. Трамвайная, 42', '', 1),
(924, 233, 'Oтделение №1 : ул. Толстого, 2', '', 1),
(925, 157, 'Oтделение №1 : ул. Ткача, 19а', '', 1),
(926, 670, 'Oтделение №1 : ул. Тимирязева, 37', '', 1),
(927, 215, 'Oтделение №1 : ул. Тимирязева, 21', '', 1),
(928, 152, 'Oтделение №1 : ул. Терещенков, 45', '', 1),
(929, 503, 'Oтделение №1 : ул. Театральная, 9', '', 1),
(930, 110, 'Oтделение №1 : ул. Театральная, 27', '', 1),
(931, 228, 'Oтделение №1 : ул. Тараса Шевченко, 4', '', 1),
(932, 481, 'Oтделение №1 : ул. Ленина, 2а', '', 1),
(933, 176, 'Oтделение №1 : ул. Суходольская, 2', '', 1),
(934, 333, 'Oтделение №1 : ул. Сумская, 10', '', 1),
(935, 138, 'Oтделение №1 : ул. Строителей, 1', '', 1),
(936, 220, 'Oтделение №1 : ул. Стефаника, 26а', '', 1),
(937, 316, 'Oтделение №1 : ул. Степана Бандеры, 2', '', 1),
(938, 681, 'Oтделение №1 : ул. Старобелоуская, 16а', '', 1),
(939, 168, 'Oтделение №1 : ул. Советская, 7', '', 1),
(940, 464, 'Oтделение №1 : ул. Советская, 60', '', 1),
(941, 297, 'Oтделение №1 : ул. Советская, 44', '', 1),
(942, 271, 'Oтделение №1 : ул. Советская, 4', '', 1),
(943, 404, 'Oтделение №1 : ул. Советская, 24а', '', 1),
(944, 326, 'Oтделение №1 : ул. Советская, 20', '', 1),
(945, 470, 'Oтделение №1 : ул. Советская, 2', '', 1),
(946, 42, 'Oтделение №1 : ул. Советская, 1', '', 1),
(947, 394, 'Oтделение №1 : ул. Советская, 1', '', 1),
(948, 250, 'Oтделение №1 : ул. Соборная, 46', '', 1),
(949, 620, 'Oтделение №1 : ул. Соборная, 20', '', 1),
(950, 548, 'Oтделение №1 : ул. Смирнова, 1а', '', 1),
(951, 556, 'Oтделение №1 : ул. Сиреневая, 13', '', 1),
(952, 301, 'Oтделение №1 : ул. Симоненко, 1 (територрия ', '', 1),
(953, 594, 'Oтделение №1 : ул. Сигетская, 2', '', 1),
(954, 408, 'Oтделение №1 : ул. Свердлова, 11', '', 1),
(955, 210, 'Oтделение №1 : ул. Саратовская, 1б', '', 1),
(956, 622, 'Oтделение №1 : ул. Садовая, 88', '', 1),
(957, 533, 'Oтделение №1 : ул. Садовая, 31', '', 1),
(958, 424, 'Oтделение №1 : ул. Садовая, 1', '', 1),
(959, 309, 'Oтделение №1 : ул. Рынок, 34 (Гусятинский район)', '', 1),
(960, 685, 'Oтделение №1 : ул. Русская, 234г', '', 1),
(961, 572, 'Oтделение №1 : ул. Рубцова, 44', '', 1),
(962, 285, 'Oтделение №1 : ул. Родниковая, 88а', '', 1),
(963, 169, 'Oтделение №1: ул. А. Колпака, 2а', '', 1),
(964, 317, 'Oтделение №1 : ул. Ровенская, 107', '', 1),
(965, 374, 'Oтделение №1 : ул. Райрады, 3', '', 1),
(966, 178, 'Oтделение №1 : ул. 346-Дебальцевской Стрелковой Дивизии, 5', '', 1),
(967, 133, 'Oтделение №1 : ул. Пушкина, 14а', '', 1),
(968, 180, 'Oтделение №1 : ул. Проскуровская, 3', '', 1),
(969, 433, 'Oтделение №1 : ул. Промышленная, 5', '', 1),
(970, 439, 'Oтделение №1 : ул. Пролетарская, 5', '', 1),
(971, 265, 'Oтделение №1 : ул. Проектная, 1', '', 1),
(972, 242, 'Oтделение №1 : ул. Пригородная, 7 (Автовокзал)', '', 1),
(973, 69, 'Oтделение №1 : ул. Привокзальная, 21', '', 1),
(974, 298, 'Oтделение №1 : ул. Привитна, 16', '', 1),
(975, 150, 'Oтделение №1 : ул. Праздничная, 36', '', 1),
(976, 406, 'Oтделение №1 : ул. Полищука, 61', '', 1),
(977, 631, 'Oтделение №1 : ул. Подольская, 21', '', 1),
(978, 514, 'Oтделение №1 : ул. Победы, 34/14', '', 1),
(979, 660, 'Oтделение №1 : ул. Плехановская, 126', '', 1),
(980, 264, 'Oтделение №1 : ул. Пионерская, 77а', '', 1),
(981, 44, 'Oтделение №1 : ул. Переездная, 27а', '', 1),
(982, 28, 'Oтделение №1 : ул. Первомайская, 6б', '', 1),
(983, 302, 'Oтделение №1 : ул. Первомайская, 5', '', 1),
(984, 347, 'Oтделение №1 : ул. Партизанская,2а', '', 1),
(985, 222, 'Oтделение №1 : ул. Партизанская, 3', '', 1),
(986, 142, 'Oтделение №1 : ул. Партизанская, 24', '', 1),
(987, 255, 'Oтделение №1 : ул. Парковая, 14', '', 1),
(988, 717, 'Oтделение №1 : ул. П.Тичины,1', '', 1),
(989, 282, 'Oтделение №1 : ул. Освободителей, 1', '', 1),
(990, 312, 'Oтделение №1 : ул. Октябрьская, 72а', '', 1),
(991, 323, 'Oтделение №1 : ул. Октябрьская, 48а', '', 1),
(992, 498, 'Oтделение №1 : ул. Октябрьская, 39', '', 1),
(993, 659, 'Oтделение №1 : ул. Октябрьская, 34', '', 1),
(994, 151, 'Oтделение №1 : ул. Октябрьская, 3', '', 1),
(995, 582, 'Oтделение №1 : ул. Октябрьская, 18', '', 1),
(996, 219, 'Oтделение №1 : ул. Октябрьская, 14', '', 1),
(997, 664, 'Oтделение №1 : ул. Озерная, 16/1 (возле газовой заправки)', '', 1),
(998, 193, 'Oтделение №1 : ул. Озерная, 1', '', 1),
(999, 367, 'Oтделение №1 : ул. Оборонная, 109б', '', 1),
(1000, 648, 'Oтделение №1 : ул. Ноября, 53', '', 1),
(1001, 383, 'Oтделение №1 : ул. Новая, 20а', '', 1),
(1002, 204, 'Oтделение №1 : ул. Новая, 15', '', 1),
(1003, 5306, 'Oтделение №1 : ул. Независимости, 95', '', 1),
(1004, 223, 'Oтделение №1 : ул. Независимости, 91', '', 1),
(1005, 667, 'Oтделение №1 : ул. Независимости, 60', '', 1),
(1006, 195, 'Oтделение №1 : ул. Независимости, 6', '', 1),
(1007, 218, 'Oтделение №1 : ул. Независимости, 3', '', 1),
(1008, 626, 'Oтделение №1 : ул. Независимости, 24', '', 1),
(1009, 261, 'Oтделение №1 : ул. Независимости, 22', '', 1),
(1010, 230, 'Oтделение №1 : ул. Независимости, 20', '', 1),
(1011, 56, 'Oтделение №1 : ул. Независимости, 1', '', 1),
(1012, 15, 'Oтделение №1 : ул. Набережная, 170', '', 1),
(1013, 696, 'Oтделение №1 : ул. Набережная, 1', '', 1),
(1014, 116, 'Oтделение №1 : ул. Московская, 21', '', 1),
(1015, 190, 'Oтделение №1 : ул. Молодёжная, 7', '', 1),
(1016, 278, 'Oтделение №1 : ул. Молодёжная, 2Д', '', 1),
(1017, 477, 'Oтделение №1 : ул. Мичурина, 1', '', 1),
(1018, 213, 'Oтделение №1 : ул. Мицкевича, 9', '', 1),
(1019, 262, 'Oтделение №1 : ул. Мира, 98', '', 1),
(1020, 351, 'Oтделение №1 : ул. Мира, 75а', '', 1),
(1021, 90, 'Oтделение №1 : ул. Мира, 26', '', 1),
(1022, 127, 'Oтделение №1 : ул. Мира, 24', '', 1),
(1023, 162, 'Oтделение №1 : ул. Мира, 107а', '', 1),
(1024, 159, 'Oтделение №1 : ул. Минина и Пожарского, 9а/2 (СЦ Еврострой)', '', 1),
(1025, 644, 'Oтделение №1 : ул. Маяковского, 8', '', 1),
(1026, 657, 'Oтделение №1 : ул. Маршала Ерёменка, 24', '', 1),
(1027, 360, 'Oтделение №1 : ул. Макаренко, 208 (база ', '', 1),
(1028, 416, 'Oтделение №1 : ул. Мазепы, 34', '', 1),
(1029, 248, 'Oтделение №1 : ул. Мазепы, 175б (въезд с ул.Довженко, база ', '', 1),
(1030, 74, 'Oтделение №1 : ул. М.Кривоноса, 2', '', 1),
(1031, 217, 'Oтделение №1 : ул. М. Грушевского, 3', '', 1),
(1032, 165, 'Oтделение №1 : ул. Львовская, 64', '', 1),
(1033, 441, 'Oтделение №1 : ул. Луцкая, 25', '', 1),
(1034, 387, 'Oтделение №1 : ул. Луцкая, 19', '', 1),
(1035, 336, 'Oтделение №1 : ул. Луганское шоссе, 54', '', 1),
(1036, 143, 'Oтделение №1 : ул. Лохвицкая, 30в', '', 1),
(1037, 401, 'Oтделение №1 : ул. Липки, 25', '', 1),
(1038, 431, 'Oтделение №1 : ул. Лесная, 1', '', 1),
(1039, 115, 'Oтделение №1 : ул. Леніна, 30', '', 1),
(1040, 199, 'Oтделение №1 : ул. Ленина, 14', '', 1),
(1041, 257, 'Oтделение №1 : ул. Ленинградская, 4б', '', 1),
(1042, 724, 'Oтделение №1 : ул. Ленинградская, 15', '', 1),
(1043, 23, 'Oтделение №1 : ул. Ленина, 99', '', 1),
(1044, 155, 'Oтделение №1 : ул. Ленина, 43', '', 1),
(1045, 554, 'Oтделение №1 : ул. Ленина, 96', '', 1),
(1046, 153, 'Oтделение №1 : ул. Ленина, 9, кв.3', '', 1),
(1047, 684, 'Oтделение №1 : ул. Ленина, 87', '', 1),
(1048, 132, 'Oтделение №1 : ул. Ленина, 83а', '', 1),
(1049, 599, 'Oтделение №1 : ул. Ленина, 8', '', 1),
(1050, 232, 'Oтделение №1 : ул. Ленина, 73', '', 1),
(1051, 247, 'Oтделение №1 : ул. Ленина, 72', '', 1),
(1052, 118, 'Oтделение №1 : ул. Ленина, 71а', '', 1),
(1053, 290, 'Oтделение №1 : ул. Ленина, 7', '', 1),
(1054, 194, 'Oтделение №1 : ул. Ленина, 63', '', 1),
(1055, 501, 'Oтделение №1: проул. Богдана Хмельницкого, 1', '', 1),
(1056, 425, 'Oтделение №1 : ул. Ленина, 6', '', 1),
(1057, 10, 'Oтделение №1 : ул. Ленина, 5а', '', 1),
(1058, 183, 'Oтделение №1 : ул. Ленина, 58/1', '', 1),
(1059, 707, 'Oтделение №1: ул. Ленина, 55', '', 1),
(1060, 135, 'Oтделение №1 : ул. Ленина, 54 (ТРК Альтаир)', '', 1),
(1061, 276, 'Oтделение №1 : ул. Ленина, 47', '', 1),
(1062, 181, 'Oтделение №1 : ул. Ленина, 44', '', 1),
(1063, 362, 'Oтделение №1 : ул. Ленина, 42', '', 1),
(1064, 647, 'Oтделение №1 : ул. Ленина, 38', '', 1),
(1065, 140, 'Oтделение №1 : ул. Ленина, 34', '', 1),
(1066, 710, 'Oтделение №1 : ул. Ленина, 33а', '', 1),
(1067, 275, 'Oтделение №1 : ул. Ленина, 30', '', 1),
(1068, 164, 'Oтделение №1 : ул. Ленина, 3', '', 1),
(1069, 581, 'Oтделение №1 : ул. Ленина, 3', '', 1),
(1070, 209, 'Oтделение №1 : ул. Ленина, 29', '', 1),
(1071, 706, 'Oтделение №1 : ул. Ленина, 28', '', 1),
(1072, 284, 'Oтделение №1 : ул. Ленина, 18', '', 1),
(1073, 617, 'Oтделение №1 : ул. Ленина, 17', '', 1),
(1074, 691, 'Oтделение №1 : ул. Ленина, 16', '', 1),
(1075, 97, 'Oтделение №1 : ул. Ленина, 15', '', 1),
(1076, 163, 'Oтделение №1 : ул. Ленина, 15', '', 1),
(1077, 551, 'Oтделение №1 : ул. Ленина, 15', '', 1),
(1078, 160, 'Oтделение №1 : ул. Ленина, 130', '', 1),
(1079, 305, 'Oтделение №1 : ул. Ленина, 12е', '', 1),
(1080, 24, 'Oтделение №1 : ул. Ленина, 120', '', 1),
(1081, 330, 'Oтделение №1 : ул. Ленина, 111', '', 1),
(1082, 688, 'Oтделение №1 : ул. Ленина, 11', '', 1),
(1083, 474, 'Oтделение №1 : ул. Ленина, 107', '', 1),
(1084, 4, 'Oтделение №1 : ул. Ленина, 106', '', 1),
(1085, 471, 'Oтделение №1 : ул. Лагодны, 17', '', 1),
(1086, 608, 'Oтделение №1 : ул. Л.Галицького, 42/8а', '', 1),
(1087, 78, 'Oтделение №1 : ул. Кутузова, 125', '', 1),
(1088, 73, 'Oтделение №1 : ул. Кутузова, 1', '', 1),
(1089, 341, 'Oтделение №1 : ул. Куприна, 123б', '', 1),
(1090, 197, 'Oтделение №1: ул. Ленина, 32', '', 1),
(1091, 596, 'Oтделение №1 : ул. Крывоноса, 4', '', 1),
(1092, 665, 'Oтделение №1 : ул. Кропивницкого, 1', '', 1),
(1093, 283, 'Oтделение №1 : ул. Краснознаменная, 34 (Корчеватое)', '', 1),
(1094, 8, 'Oтделение №1 : ул. Краснодонцев, 2', '', 1),
(1095, 263, 'Oтделение №1 : ул. Красноармейская, 42', '', 1),
(1096, 234, 'Oтделение №1 : ул. Красноармейская, 21а', '', 1),
(1097, 314, 'Oтделение №1 : ул. Красноармейская, 12а', '', 1),
(1098, 205, 'Oтделение №1 : ул. Красинських, 20а', '', 1),
(1099, 252, 'Oтделение №1 : ул. Красина, 2', '', 1),
(1100, 130, 'Oтделение №1 : ул. Коцюбинского, 29', '', 1),
(1101, 279, 'Oтделение №1 : ул. Котовского, 19', '', 1),
(1102, 146, 'Oтделение №1 : ул. Коновальца, 4а (напротив Укрпочты)', '', 1),
(1103, 187, 'Oтделение №1 : ул. Комсомольская, 9', '', 1),
(1104, 296, 'Oтделение №1 : ул. Комсомольская, 40', '', 1),
(1105, 580, 'Oтделение №1 : ул. Коммунаров, 50', '', 1),
(1106, 272, 'Oтделение №1 : ул. Ковельская, 52', '', 1),
(1107, 260, 'Oтделение №1 : ул. Коваля, 1', '', 1),
(1108, 68, 'Oтделение №1 : ул. Ковалива, 4', '', 1),
(1109, 447, 'Oтделение №1 : ул. Ковалёва, 29а', '', 1),
(1110, 540, 'Oтделение №1 : ул. Князя Владимира, 109а', '', 1),
(1111, 108, 'Oтделение №1 : ул. Клары Цеткиной, 1', '', 1),
(1112, 372, 'Oтделение №1 : ул. Кирова, 4', '', 1),
(1113, 144, 'Oтделение №1 : ул. Кирова, 3е', '', 1),
(1114, 335, 'Oтделение №1 : ул. Кирова, 35а (район деревянного моста)', '', 1),
(1115, 672, 'Oтделение №1 : ул. Кирова, 24/2', '', 1),
(1116, 436, 'Oтделение №1 : ул. Кирова, 12', '', 1),
(1117, 382, 'Oтделение №1 : ул. Киевская, 9а', '', 1),
(1118, 274, 'Oтделение №1 : ул. Киевская, 7а', '', 1),
(1119, 170, 'Oтделение №1 : ул. Киевская, 46', '', 1),
(1120, 122, 'Oтделение №1 : ул. Киевская, 27', '', 1),
(1121, 245, 'Oтделение №1 : ул. Киевская, 23', '', 1),
(1122, 235, 'Oтделение №1 : ул. Киевская, 21', '', 1),
(1123, 532, 'Oтделение №1 : ул. Каштановая, 29', '', 1),
(1124, 129, 'Oтделение №1 : ул. Карпатская, 100', '', 1),
(1125, 313, 'Oтделение №1 : ул. Карла Маркса, 56', '', 1),
(1126, 396, 'Oтделение №1 : ул. Карла Маркса, 26', '', 1),
(1127, 343, 'Oтделение №1 : ул. Карла Маркса, 15', '', 1),
(1128, 208, 'Oтделение №1 : ул. Карла Маркса, 125', '', 1),
(1129, 277, 'Oтделение №1 : ул. Карла Либкнехта, 120', '', 1),
(1130, 371, 'Oтделение №1 : ул. Карбышева, 1', '', 1),
(1131, 267, 'Oтделение №1 : ул. Каракая, 34', '', 1),
(1132, 430, 'Oтделение №1 : ул. Калинина, 70', '', 1),
(1133, 303, 'Oтделение №1 : ул. Калинина (р-н Базарной площади)', '', 1),
(1134, 467, 'Oтделение №1 : ул. К. Маркса, 67', '', 1),
(1135, 342, 'Oтделение №1 : ул. Советская, 39а', '', 1),
(1136, 113, 'Oтделение №1 : ул. Ивана Франка, 107а', '', 1),
(1137, 268, 'Oтделение №1 : ул. Ивана Франко, 40а', '', 1),
(1138, 411, 'Oтделение №1 : ул. Зеленая, 6 (боковая улицы Привокзальная)', '', 1),
(1139, 251, 'Oтделение №1 : ул. Заславская, 6', '', 1),
(1140, 654, 'Oтделение №1 : ул. Заводская, 25', '', 1),
(1141, 258, 'Oтделение №1 : ул. Заводская, 10', '', 1),
(1142, 280, 'Oтделение №1 : ул. Жукова, 24в', '', 1),
(1143, 636, 'Oтделение №1 : ул. Железнодорожная, 6', '', 1),
(1144, 47, 'Oтделение №1 : ул. Железнодорожная, 14', '', 1),
(1145, 693, 'Oтделение №1 : ул. Жалезнодорожная, 87', '', 1),
(1146, 700, 'Oтделение №1 : ул. Дунайская,1', '', 1),
(1147, 547, 'Oтделение №1 : ул. Дудина, 20в', '', 1),
(1148, 337, 'Oтделение №1 : ул. Дубенская, 137', '', 1),
(1149, 216, 'Oтделение №1 : ул. Дорошенка, 3', '', 1),
(1150, 320, 'Oтделение №1 : ул. Доковская, 5б', '', 1),
(1151, 480, 'Oтделение №1 : ул. Днепровская, 49 (район СШБ)', '', 1),
(1152, 207, 'Oтделение №1 : ул. Дмитрия Ульянова, 72', '', 1),
(1153, 397, 'Oтделение №1 : ул. Дзержинского, 21/1 (админ. корпус завода ', '', 1),
(1154, 20, 'Oтделение №1 : ул. Дзержинского, 20', '', 1),
(1155, 134, 'Oтделение №1 : ул. Дзержинского, 17', '', 1),
(1156, 259, 'Oтделение №1 : ул. Гулия, 23', '', 1),
(1157, 384, 'Oтделение №1 : ул. Грушевского, 47', '', 1),
(1158, 610, 'Oтделение №1 : ул. Грушевского, 1а', '', 1),
(1159, 322, 'Oтделение №1 : ул. Грушевского, 146', '', 1),
(1160, 521, 'Oтделение №1 : ул. Грушевского, 11а', '', 1),
(1161, 203, 'Oтделение №1 : ул. Грушевского, 119', '', 1),
(1162, 350, 'Oтделение №1 : ул. Грушева, 28', '', 1),
(1163, 308, 'Oтделение №1 : ул. Громова, 6', '', 1),
(1164, 614, 'Oтделение №1 : ул. Грабовецкая, 42', '', 1),
(1165, 518, 'Oтделение №1 : ул. Горького, 73', '', 1),
(1166, 7, 'Oтделение №1 : ул. Горького, 37', '', 1),
(1167, 311, 'Oтделение №1 : ул. Горького, 3', '', 1),
(1168, 593, 'Oтделение №1 : ул. Горького, 25а', '', 1),
(1169, 149, 'Oтделение №1 : ул. Горького, 12', '', 1),
(1170, 373, 'Oтделение №1 : ул. Городоцкая, 355/6', '', 1),
(1171, 200, 'Oтделение №1 : ул. Горишня Брама, 183', '', 1),
(1172, 119, 'Oтделение №1 : ул. Глеба Успенского, 91', '', 1),
(1173, 154, 'Oтделение №1 : ул. Главная, 99', '', 1),
(1174, 692, 'Oтделение №1 : ул. Главная, 29а', '', 1),
(1175, 565, 'Oтделение №1 : ул. Гидронавтов, 60', '', 1),
(1176, 139, 'Oтделение №1 : ул. Героев Врадиевщины,162', '', 1),
(1177, 329, 'Oтделение №1 : ул. Генерала Плиева, 29/4', '', 1),
(1178, 627, 'Oтделение №1 : ул. Генерала Плиева, 15а', '', 1),
(1179, 419, 'Oтделение №1 : ул. Генерала Корчагина, 2', '', 1),
(1180, 147, 'Oтделение №1 : ул. Гагирина, 13', '', 1),
(1181, 121, 'Oтделение №1 : ул. Гагарина, 7а', '', 1),
(1182, 650, 'Oтделение №1 : ул. Гагарина, 36', '', 1),
(1183, 269, 'Oтделение №1 : ул. Гагарина, 1', '', 1),
(1184, 254, 'Oтделение №1 : ул. Ворошилова, 82', '', 1),
(1185, 5307, 'Oтделение №1 : ул. Вокзальная,  7', '', 1),
(1186, 293, 'Oтделение №1 : ул. Владимирская, 135', '', 1),
(1187, 484, 'Oтделение №1 : ул. Вознесенская, 52', '', 1),
(1188, 229, 'Oтделение №1 : ул. Ватутина, 4', '', 1),
(1189, 450, 'Oтделение №1 : ул. Васильковская, 2а', '', 1),
(1190, 555, 'Oтделение №1 : ул. Варшавская, 2е', '', 1),
(1191, 702, 'Oтделение №1 : ул. Вали Котика, 33', '', 1),
(1192, 318, 'Oтделение №1 : ул. Буденного, 6', '', 1),
(1193, 221, 'Oтделение №1 : ул. Брянская, 8', '', 1),
(1194, 621, 'Oтделение №1 : ул. Советская, 2а', '', 1),
(1195, 273, 'Oтделение №1 : ул. Богдана Хмельницкого, 47', '', 1),
(1196, 291, 'Oтделение №1 : ул. Богдана Хмельницкого, 26', '', 1),
(1197, 299, 'Oтделение №1 : ул. Берестецкая, 128', '', 1),
(1198, 173, 'Oтделение №1 : ул. Берегового, 46', '', 1),
(1199, 198, 'Oтделение №1 : ул. Беранже, 2 (м-н ', '', 1),
(1200, 109, 'Oтделение №1 : ул. Беляева, 50', '', 1),
(1201, 202, 'Oтделение №1 : ул. Базарная, 5 (маг. ', '', 1),
(1202, 201, 'Oтделение №1 : ул. Базарная, 3', '', 1),
(1203, 256, 'Oтделение №1 : ул. Богатая, 1', '', 1),
(1204, 227, 'Oтделение №1 : ул. Б. Хмельницкого, 58', '', 1),
(1205, 324, 'Oтделение №1 : ул. Артема, 169 (АЗС УкрТАТ Нафта)', '', 1),
(1206, 414, 'Oтделение №1 : ул. Академика Морозова, 20', '', 1),
(1207, 562, 'Oтделение №1 : ул. 9-го Января, 102', '', 1),
(1208, 244, 'Oтделение №1 : ул. 8-го марта, 5', '', 1),
(1209, 300, 'Oтделение №1 : ул. 8-го марта, 14', '', 1),
(1210, 295, 'Oтделение №1 : ул. 80-й Гвардейской стрелковой дивизии, 8', '', 1),
(1211, 319, 'Oтделение №1 : ул. 50 лет Октября, 192', '', 1),
(1212, 158, 'Oтделение №1 : ул. 50 лет Октября, 1', '', 1),
(1213, 613, 'Oтделение №1 : ул. 40-летие Победы, 8а', '', 1),
(1214, 444, 'Oтделение №1 : ул. 40 лет Октября, 19', '', 1),
(1215, 191, 'Oтделение №1 : ул. Ленина, 104а', '', 1),
(1216, 177, 'Oтделение №1 : ул. 35-й Гвардийской дивизии, 20', '', 1),
(1217, 616, 'Oтделение №1 : ул. 2-я Лебединская, 2а', '', 1),
(1218, 80, 'Oтделение №1 : ул. 22 Января, 82', '', 1),
(1219, 641, 'Oтделение №1 : ул. 20-го Партсъезда, 1', '', 1),
(1220, 123, 'Oтделение №1 : ул. 20-го июля, 8а', '', 1),
(1221, 426, 'Oтделение №1 : ул. 1-я Слободская, 62', '', 1),
(1222, 339, 'Oтделение №1 : ул. 1-й Песчанный тупик, 1', '', 1),
(1223, 145, 'Oтделение №1 : ул. И.Франка, 30', '', 1),
(1224, 172, 'Oтделение №1 : ул. 1-го Мая, 43', '', 1),
(1225, 156, 'Oтделение №1 : ул. 1-го Мая, 3 (возле автовокзала)', '', 1),
(1226, 469, 'Oтделение №1 : ул. 1-го Мая, 26', '', 1),
(1227, 34, 'Oтделение №1 : ул. 1-ая Совхозная, 5', '', 1),
(1228, 179, 'Oтделение №1 : ул. 17-ого Сентября, 10', '', 1),
(1229, 663, 'Oтделение №1 : ул. 1-го Мая, 38', '', 1),
(1230, 240, 'Oтделение №1 : ул. 1-го Мая, 2а', '', 1),
(1231, 288, 'Oтделение №1 : Советское шоссе, 7', '', 1),
(1232, 310, 'Oтделение №1 : с. Гвоздев, ул. Победы, 2г', '', 1),
(1233, 192, 'Oтделение №1 : просп. Победы, 71', '', 1),
(1234, 604, 'Oтделение №1 : просп. Паши Ангелиной, 52', '', 1),
(1235, 126, 'Oтделение №1 : просп. Октябрьской революции, 281а/4', '', 1),
(1236, 66, 'Oтделение №1 : просп. Ленина, 46', '', 1),
(1237, 661, 'Oтделение №1 : просп. Адмирала Сенявина, 27', '', 1),
(1238, 186, 'Oтделение №1 : пер. Партизанский, 37', '', 1),
(1239, 21, 'Oтделение №1 : пер. Мира, 2', '', 1),
(1240, 603, 'Oтделение №1 : площадь Товарная, 5', '', 1);
INSERT INTO `oc_np_city` (`city_id`, `zone_id`, `name`, `code`, `status`) VALUES
(1241, 559, 'Oтделение №1 : площадь Советская, 7', '', 1),
(1242, 185, 'Oтделение №1 : площадь Победы, 7', '', 1),
(1243, 338, 'Oтделение №1 : пл. Кооперативная, 40', '', 1),
(1244, 3, 'Oтделение №1 : пл. Кирова, 10', '', 1),
(1245, 171, 'Oтделение №1 : пер. Пионерский, 6', '', 1),
(1246, 315, 'Oтделение №1 : переул. Вокзальный, 6', '', 1),
(1247, 363, 'Oтделение №1 : пер. Севастопольский, 2б', '', 1),
(1248, 346, 'Oтделение №1 : пер. Почтовый, 27 в (напротив Центра занятости)', '', 1),
(1249, 225, 'Oтделение №1 : пер. Новоселовский, 2', '', 1),
(1250, 231, 'Oтделение №1 : пер. Молодёжный, 2а', '', 1),
(1251, 349, 'Oтделение №1 : пер. Кирова, 1', '', 1),
(1252, 184, 'Oтделение №1 : микрорайон Светлый, ', '', 1),
(1253, 465, 'Oтделение №1 : Ленинградское шоссе, 28', '', 1),
(1254, 206, 'Oтделение №1 : Ленина, 12', '', 1),
(1255, 294, 'Oтделение №1 : Ковшаровка, 35в', '', 1),
(1256, 369, 'Oтделение №1 : Ковельская, 4а', '', 1),
(1257, 600, 'Oтделение №1 : кв. Молодёжный, 20', '', 1),
(1258, 241, 'Oтделение №1 : кв. 40 лет Победы, 14', '', 1),
(1259, 304, 'Oтделение №1 : ул. Советская, 31', '', 1),
(1260, 239, 'Oтделение №1 : ул. Сечевых Стрельцов, 15б', '', 1),
(1261, 507, 'Oтделение №1 : ул. Партизанская, 60', '', 1),
(1262, 682, 'Oтделение №1 : ул. Ленина, 379', '', 1),
(1263, 390, 'Oтделение №1 : бульв. Шевченко, 313 (22-й м-рн)', '', 1),
(1264, 188, 'Oтделение №1 : бул. Независимости, 2а', '', 1),
(1265, 499, 'Oтделение №1 : ул. Петровского, 123', '', 1),
(1266, 125, 'Oтделение №1 : ул. Молодежная, 30а', '', 1),
(1267, 175, 'Oтделение №1 : ул. Подвойского, 19', '', 1),
(1268, 723, 'Oтделение №1 : ул. Щорса, 16/4', '', 1),
(1269, 664, 'Oтделение №9 : ул. И. Франка, 16', '', 1),
(1270, 540, 'Oтделение №9 : ул. Евгения Коновальца, 14 (р-н Северный)', '', 1),
(1271, 572, 'Oтделение №9 : пгт. Грэс, Яблочковая, 19', '', 1),
(1272, 373, 'Oтделение №9 : ул. Кульпарковская, 142', '', 1),
(1273, 511, 'Oтделение №9 : ул. Комсомольская, 28', '', 1),
(1274, 426, 'Oтделение №9 : ул. Генерала Карпенка, 2/2а', '', 1),
(1275, 661, 'Oтделение №8 : ул. Перекопская ,173', '', 1),
(1276, 511, 'Oтделение №8 : ул. Чураивны 2в', '', 1),
(1277, 664, 'Oтделение №8 : ул. Хотовицкого, 5', '', 1),
(1278, 373, 'Oтделение №8 : ул. Гетьмана Ивана Мазепы, 37', '', 1),
(1279, 572, 'Oтделение №8 : ул. Гагарина, 14', '', 1),
(1280, 540, 'Oтделение №8 : ул.  Киевская, 21', '', 1),
(1281, 285, 'Oтделение №8 : ул. Октябрьской Революции, 66а', '', 1),
(1282, 339, 'Oтделение №7 : ул. 50 лет СССР, 51б (Авторынок)', '', 1),
(1283, 685, 'Oтделение №7 : ул. Кордубы, 12 (район Садовой)', '', 1),
(1284, 540, 'Oтделение №7 : ул. Королёва, 15а (возле авторынка)', '', 1),
(1285, 214, 'Oтделение №7 : ул. Киевская, 112', '', 1),
(1286, 680, 'Oтделение №7 : ул. Сумгаитская, 33', '', 1),
(1287, 511, 'Oтделение №7 : ул. М. Бирюзова, 43а', '', 1),
(1288, 119, 'Oтделение №7 : ул. 600-летия, 50', '', 1),
(1289, 661, 'Oтделение №7 : просп. 200 лет Херсона, 30', '', 1),
(1290, 283, 'Отделение №61 : просп. Воздухофлотский, 48/2', '', 1),
(1291, 390, 'Oтделение №6 : ул. Георгиевская, 10 (Центр)', '', 1),
(1292, 214, 'Oтделение №6 : ул. Московская, 41', '', 1),
(1293, 268, 'Oтделение №6 : ул. Красноармейская, 39', '', 1),
(1294, 540, 'Oтделение №6 : ул. Киевская, 44 (возле кафе Мономах)', '', 1),
(1295, 511, 'Oтделение №6 : ул. Калинина, 9', '', 1),
(1296, 248, 'Oтделение №6 : ул. Надречная, 2а', '', 1),
(1297, 661, 'Oтделение №6 : ул. Горького, 9', '', 1),
(1298, 680, 'Oтделение №6 : ул. Волкова, 30', '', 1),
(1299, 565, 'Oтделение №6 : просп. Победы, 38в', '', 1),
(1300, 285, 'Oтделение №6 : ул. Короленко, 32а', '', 1),
(1301, 283, 'Отделение №57 : ул. Константиновская, 24 (м. Контрактовая пл.)', '', 1),
(1302, 283, 'Отделение №54 : просп.  Палладина, 25а (м. Академгородок)', '', 1),
(1303, 283, 'Отделение №53 : ул.  Ромена Ролана, 7 (Никольская Борщаговка)', '', 1),
(1304, 660, 'Oтделение №5 : пгт. Песочин, пл. Ю. Кононенко, 1а ', '', 1),
(1305, 188, 'Oтделение №5 (до 30 кг): ул. Бойко, 25', '', 1),
(1306, 480, 'Oтделение №5 : ул. Днепровская, 348', '', 1),
(1307, 719, 'Oтделение №5 : пгт. Масандра, ул. Стахановская, 17', '', 1),
(1308, 248, 'Oтделение №5 : ул. Шевченка, 8', '', 1),
(1309, 283, 'Отделение №47 : ул. Вышгородская, 38', '', 1),
(1310, 283, 'Отделение №46 : бульв. Дружбы Народов, 14 (м. Дружбы Народов)', '', 1),
(1311, 283, 'Отделение №45 : просп. Юрия Гагарина, 13 (Ленинградская пл.)', '', 1),
(1312, 283, 'Отделение №44 : просп. Лесной, 14', '', 1),
(1313, 283, 'Отделение №43 : ул. Голосеевская, 2', '', 1),
(1314, 283, 'Отделение №42 : ул. Щербакова, 32/38, м. Нивки (Дегтяры)', '', 1),
(1315, 283, 'Отделение №41 : бул. Русановский, 4', '', 1),
(1316, 189, 'Отделение №41 : ул. Набережная Победы, 30 ', '', 1),
(1317, 283, 'Отделение №40 : ул. Героев Севастополя, 23а (Отрадный)', '', 1),
(1318, 654, 'Oтделение №4 : ул. Парижской Комуны, 36', '', 1),
(1319, 366, 'Oтделение №4 : ул. Драгоманова, 33б', '', 1),
(1320, 283, 'Отделение №39 : ул. Маршала Малиновского, 25', '', 1),
(1321, 283, 'Отделение №37 : ул. Маршала Жукова, 33а (м. Лесная)', '', 1),
(1322, 189, 'Отделение №30 : просп. Героев, 12', '', 1),
(1323, 580, 'Oтделение №3 : пер. Глекова, 2а (р-н военкомата)', '', 1),
(1324, 447, 'Oтделение №3 : ул. Советская, 48б', '', 1),
(1325, 159, 'Oтделение №3 : ул. Пушкинская, 24', '', 1),
(1326, 363, 'Oтделение №3 : ул. Володарского, 23', '', 1),
(1327, 397, 'Oтделение №3 : ул. 50 лет Победы, 29', '', 1),
(1328, 431, 'Oтделение №3 : просп. Трубников, 32', '', 1),
(1329, 719, 'Oтделение №3 : ул. Гоголя, 20', '', 1),
(1330, 307, 'Oтделение №3 : ул. Клубная, 8', '', 1),
(1331, 281, 'Отделение №3 :', '', 1),
(1332, 660, 'Отделение №25 : просп. Тракторостроителей, 57а', '', 1),
(1333, 189, 'Отделение №24 : просп. Газеты Правды, 65а', '', 1),
(1334, 189, 'Отделение №23 : просп. Кирова, 76', '', 1),
(1335, 189, 'Отделение №22 : ул. Тепличная, 21', '', 1),
(1336, 341, 'Отделение №22 : ул. Кремлевская, 25 ', '', 1),
(1337, 465, 'Отделение №22 : ул. Новосельского, 19', '', 1),
(1338, 189, 'Отделение №21 : ул. Фрунзе, 8', '', 1),
(1339, 660, 'Отделение №21 : ул. Академика Проскуры, 1', '', 1),
(1340, 465, 'Отделение №21 : просп. Александровский, 21', '', 1),
(1341, 660, 'Отделение №20 : ул. Новгородская, 4', '', 1),
(1342, 198, 'Отделение №20 : просп. Ильича, 85', '', 1),
(1343, 281, 'Oтделение №2 : ул. Ульяновых, 37а', '', 1),
(1344, 159, 'Oтделение №2 : ул. Снайпера Красношапки, 42', '', 1),
(1345, 21, 'Oтделение №2 : ул. Октябрьская, 18', '', 1),
(1346, 706, 'Oтделение №2 : ул. Мира, 8', '', 1),
(1347, 48, 'Oтделение №2 : ул. К. Маркса, 51', '', 1),
(1348, 3, 'Oтделение №2 : ул. Диброви, 16', '', 1),
(1349, 606, 'Oтделение №2 : ул. Грушевского, 39', '', 1),
(1350, 92, 'Oтделение №2 : ул. Грушевского, 10', '', 1),
(1351, 433, 'Oтделение №2 : ул. Горького, 7а', '', 1),
(1352, 443, 'Oтделение №2 : ул. Воли, 9', '', 1),
(1353, 307, 'Oтделение №2 (до 30 кг): ул. Братьев Радченко, 51а', '', 1),
(1354, 75, 'Oтделение №2 : ул. Богдана Хмельницкого, 98', '', 1),
(1355, 431, 'Oтделение №2 : ул. Электрометаллургов, 4а', '', 1),
(1356, 580, 'Oтделение №2 : ул. Урицкого, 12', '', 1),
(1357, 47, 'Oтделение №2 : ул. Богунская, 3', '', 1),
(1358, 657, 'Oтделение №2 : ул. Федько, 41', '', 1),
(1359, 198, 'Отделение №19 : бульв. Шевченко, 44', '', 1),
(1360, 660, 'Отделение №18 : просп. Гагарина, 127а', '', 1),
(1361, 465, 'Отделение №18 : ул. Фонтанская дорога, 16/8', '', 1),
(1362, 465, 'Отделение №17 : ул. Разумовская, 29', '', 1),
(1363, 660, 'Отделение №17 : ул. 23 августа, 59', '', 1),
(1364, 341, 'Отделение №17 : ул. Федоренко, 5а', '', 1),
(1365, 221, 'Отделение №17 : ул. Авраменка, 13', '', 1),
(1366, 660, 'Отделение №16 : пгт. Песочин, пл. Ю.Кононенко, 1а', '', 1),
(1367, 221, 'Отделение №16 : просп. Ленина, 84', '', 1),
(1368, 221, 'Отделение №15 : ул. Курузова, 5', '', 1),
(1369, 426, 'Отделение №15 : ул. Космонавтов, 53/1', '', 1),
(1370, 198, 'Отделение №14 : просп. Панфилова, 1а', '', 1),
(1371, 221, 'Отделение №14 : ул. Ладожская, 14', '', 1),
(1372, 465, 'Отделение №14 : ул. Маршала Малиновского, 71', '', 1),
(1373, 341, 'Отделение №14 : ул. Лисового, 9а', '', 1),
(1374, 661, 'Отделение №13 : ул. Зала Эгерсег, 18 (ТРЦ Фабрика)', '', 1),
(1375, 221, 'Отделение №13 : ул. Сталеваров, 21', '', 1),
(1376, 465, 'Отделение №13 : ул. Днепропетровская дорога, 82', '', 1),
(1377, 221, 'Отделение №12 : ул. Звенигородская, 1', '', 1),
(1378, 214, 'Отделение №12 : ул. Адмирала Щастного, 1/1', '', 1),
(1379, 198, 'Отделение №12 : просп. Ватутина, 22', '', 1),
(1380, 511, 'Отделение №12 : ул. Сенная, 2/49', '', 1),
(1381, 680, 'Отделение №12 : ул. Молоткова, 20', '', 1),
(1382, 341, 'Отделение №12 : просп. Южный, 17, кв. 83', '', 1),
(1383, 371, 'Отделение №11 : ул. Кривой Вал, 24', '', 1),
(1384, 367, 'Отделение №11 : пгт. Юбилейное, ул. Ленина, 8/2', '', 1),
(1385, 198, 'Отделение №11 : ул. Полоцкая, 9', '', 1),
(1386, 341, 'Отделение №11 : ул. Галенка, 5/49', '', 1),
(1387, 367, 'Отделение №10 : ул. Курчатова, 9', '', 1),
(1388, 214, 'Отделение №10 : просп. Мира, 37', '', 1),
(1389, 371, 'Отделение №10 : просп. Воли, 21', '', 1),
(1390, 664, 'Отделение №10 (до 30 кг): ул. Заречанская, 4', '', 1),
(1391, 685, 'Отделение №10 : ул. Котляревского, 7', '', 1),
(1392, 341, 'Отделение №10 : ул. Кириленка, 25', '', 1),
(1393, 572, 'Отделение №10 : ул. Жуковского, 12', '', 1),
(1394, 19, 'Oтделение №1 : ул. Ленина, 83', '', 1),
(1395, 353, 'Oтделение №1 : ул. Шевченко, 30а', '', 1),
(1396, 281, 'Oтделение №1 : ул. Шлагбаумская, 49/2', '', 1),
(1397, 629, 'Oтделение №1 : ул. Шевченко, 12/2', '', 1),
(1398, 75, 'Oтделение №1 : ул. Шевченка, 193', '', 1),
(1399, 92, 'Oтделение №1 : ул. Чехова, 3а (территория МРЭО ГАИ)', '', 1),
(1400, 381, 'Oтделение №1 : ул. Таёжная, 1', '', 1),
(1401, 112, 'Oтделение №1 : ул. Площадь Гагарина, 8а', '', 1),
(1402, 189, 'Oтделение №1 : ул. Маршала Малиновского, 98а', '', 1),
(1403, 104, 'Oтделение №1 : ул. Ленина, 46', '', 1),
(1404, 440, 'Oтделение №1 : ул. Ленина, 20/6а', '', 1),
(1405, 461, 'Oтделение №1 : ул. Котляревского, 2а', '', 1),
(1406, 224, 'Oтделение №1 : ул. Комсомольская, 63', '', 1),
(1407, 542, 'Oтделение №1 : ул. Галицкая, 126 (200 м. от заправки ОККО)', '', 1),
(1408, 236, 'Oтделение №1 : ул. Вокзальная, 22', '', 1),
(1409, 214, 'Oтделение №1 : пл. Смолянская, 3', '', 1),
(1410, 719, 'Oтделение №1 : пгт. Гаспра, ул. Южнобережное шоссе, 11', '', 1),
(1411, 331, 'Oтделение №1 : Микрорайон, 16', '', 1),
(1412, 307, 'Oтделение №1 : ул. Батуринская, 22а', '', 1),
(1413, 538, 'Oтделение №1 : ул. Петровского, 38', '', 1),
(1414, 5, 'Oтделение №1 : ул. Западная, 23', '', 1),
(1415, 189, 'Отделение №27 : ул. Космонавтов, 4', '', 1),
(1416, 334, 'Oтделение №1 : ул. Дзержинского, 18', '', 1),
(1417, 689, 'Oтделение №1 : ул. Ленина, 45', '', 1),
(1418, 658, 'Oтделение №1 : ул. 1-го Мая, 37', '', 1),
(1419, 83, 'Oтделение №1 : ул. Сечевых Стрельцов, 24 (1000 мелочей)', '', 1),
(1420, 188, 'Oтделение №9 : ул. Малая Садовая, 19а (База ', '', 1),
(1421, 203, 'Oтделение №2 : ул. Свободы, 7', '', 1),
(1422, 5308, 'Oтделение №1 : ул. Больничная, 1а', '', 1),
(1423, 5309, 'Oтделение №1 : ул. Независимости, 1 ', '', 1),
(1424, 5310, 'Oтделение №1 : ул. Ленина, 25а', '', 1),
(1425, 5311, 'Oтделение №1 : ул. Вокзальная, 11', '', 1),
(1426, 5312, 'Oтделение №1 : ул. Киевская, 67', '', 1),
(1427, 5313, 'Oтделение №1 : ул. Советская, 13', '', 1),
(1428, 5314, 'Oтделение №1 : ул. Ленина, 16', '', 1),
(1429, 5315, 'Oтделение №1 : ул. Космическая, 7', '', 1),
(1430, 141, 'Oтделение №1 : ул. Кургузова, 14', '', 1),
(24656, 5316, 'Oтделение №1 : ул. Гагарина, 70', '', 1),
(24657, 5317, 'Отделение № 1: ул. Ленина, 32а', '', 1),
(24658, 5318, 'Oтделение №1 : ул. Центральная, 44а', '', 1),
(24659, 5320, 'Oтделение №1 : ул. Ленина, 1б', '', 1),
(24660, 5321, 'Oтделение №1 : ул. Саборная, 2в', '', 1),
(24661, 5322, 'Oтделение №1 : ул. Ивановская, 1', '', 1),
(24662, 5323, 'Oтделение №1 : ул. Сенюка, 2а', '', 1),
(24663, 5324, 'Oтделение №1 : ул. Ленина, 50', '', 1),
(24664, 5325, 'Oтделение №1 : ул. Победы, 14', '', 1),
(24665, 5326, 'Oтделение №1 : пл. Освобождения, 6', '', 1),
(24666, 5327, 'Oтделение №1 : ул. Октябрьская, 3', '', 1),
(24667, 5328, 'Oтделение №1 : ул. Ленина, 17а', '', 1),
(24668, 5329, 'Oтделение №1 : ул. Липовая, 44', '', 1),
(24669, 5330, 'Oтделение №1 : майдан Шевченко, 18', '', 1),
(24670, 5331, 'Oтделение №1 : ул. Спортивная, 3', '', 1),
(24671, 5332, 'Oтделение №1 : пров. Клубный, 1', '', 1),
(24672, 5333, 'Oтделение №1 : ул. Кирова, 87', '', 1),
(24673, 5334, 'Oтделение №1 : ул. Главная, 96а', '', 1),
(24674, 5335, 'Oтделение №1 : ул. Ленина, 16', '', 1),
(24675, 5336, 'Oтделение №1 : ул. Сечевых Стрельцов, 26', '', 1),
(24676, 5337, 'Oтделение №1 : ул. Белки, б/н', '', 1),
(24677, 5338, 'Отделение №2 (до 30кг): ул. Дзержинского, 25', '', 1),
(24678, 5339, 'Oтделение №1 : ул. Киевская, 42', '', 1),
(24679, 5340, 'Oтделение №1 : ул. Ивана Франка, 14а', '', 1),
(24680, 5341, 'Oтделение №1 : ул. Слюсарская, 1', '', 1),
(24681, 5342, 'Oтделение №1 : ул. Ленина, 23', '', 1),
(24682, 5343, 'Oтделение №1 : ул. Советская, 10а', '', 1),
(24683, 5344, 'Oтделение №1 : ул. Ленина, 8', '', 1),
(24684, 5345, 'Oтделение №1 : ул. Шевченко, 9а', '', 1),
(24685, 5346, 'Oтделение №1 : ул. 9-го Мая, д.4, кв.50', '', 1),
(24686, 5347, 'Oтделение №1 : ул. Ворошилова, 10а', '', 1),
(24687, 5348, 'Oтделение №1 : ул. Горьева, 17', '', 1),
(24688, 5349, 'Oтделение №1 : ул. Гагарина, 12', '', 1),
(24689, 5350, 'Oтделение №1 : ул. Мичурина, 28', '', 1),
(24691, 5352, 'Oтделение №1 : ул. Главная, 75а', '', 1),
(24692, 5353, 'Oтделение №1 : ул. Доманинская, 308а', '', 1),
(24693, 511, 'Отделение №13: ул. Великотерновская, 35/2', '', 1),
(24694, 5319, 'Oтделение №1 : ул. Мира, 3', '', 1),
(24695, 5354, 'Oтделение №1 : МПП &quot;Доманово&quot;', '', 1),
(24696, 5355, 'Oтделение №1 : ул. Грушевского, 3', '', 1),
(24697, 5356, 'Oтделение №1 : ул. Закарпатская, 75', '', 1),
(24698, 5357, 'Oтделение №1 : ул. Металлургов, 10', '', 1),
(24699, 5358, 'Oтделение №1 : ул. Молодежная, 26', '', 1),
(24700, 5359, 'Oтделение №1 : ул. Ленина, 13', '', 1),
(24701, 5360, 'Oтделение №1 : ул. Шевченка, 3а', '', 1),
(24702, 5361, 'Oтделение №1 : ул. Грушевского, 42', '', 1),
(24703, 221, 'Отделение №23 (до 30 кг на одно место): ул. Гагарина, 4', '', 1),
(24704, 48, 'Отделение №4: ул. Пионерская, 51', '', 1),
(24705, 221, 'Отделение №24: ул. Энтузиастов, , пом.3', '', 1),
(24706, 5362, 'Oтделение №1 : пр. Апетчный, 1а', '', 1),
(24707, 5363, 'Oтделение №1 : ул. Украинская, 90а', '', 1),
(24708, 5364, 'Oтделение №1 : ул. Ленина, 110', '', 1),
(24709, 189, 'Отделение №42 (до 30 кг): ул. Ленина, 14', '', 1),
(24710, 5365, 'Oтделение №1 : ул. Шевченко, дом.2, кв. 2', '', 1),
(24711, 5366, 'Oтделение №1 : ул. Ленина, 53', '', 1),
(24712, 5367, 'Oтделение №1 : ул. Ватутина, 2', '', 1),
(24713, 5368, 'Oтделение №1 : ул. Шевченко, 29', '', 1),
(24714, 5369, 'Oтделение №1 : ул. Ковельская, 102', '', 1),
(24715, 5370, 'Oтделение №1 : ул. Школьная, 1', '', 1),
(24716, 5371, 'Oтделение №1 : ул. Ленина, 5', '', 1),
(24717, 5372, 'Oтделение №1 : ул. Шевченко, 120', '', 1),
(24718, 660, 'Отделение №41 (до 30 кг на одно место): ул. Матюшенко, 7б', '', 1),
(24719, 221, 'Отделение №25 (до 30 кг): просп. Ленина, 158', '', 1),
(24720, 5373, 'Oтделение №1 : ул. Ленина, 50б', '', 1),
(24721, 5374, 'Oтделение №1 : ул. Балукова, 5', '', 1),
(24722, 5375, 'Oтделение №1 : ул. Мира, 8/3', '', 1),
(24723, 5376, 'Oтделение №1 : ул. Дружбы, 52', '', 1),
(24724, 5377, 'Oтделение №1 : ул. Ленина, 64а', '', 1),
(24725, 5378, 'Oтделение №1 : ул. Комарова, 38', '', 1),
(24726, 5379, 'Oтделение №1 : ул. Галицкая, 11', '', 1),
(24727, 5380, 'Oтделение №1 : ул. Урицкого, 17', '', 1),
(24728, 5381, 'Oтделение №1 : ул. Гоголя, 86', '', 1),
(24729, 255, 'Отделение №2 (до 30 кг): ул. Данченко, 14/20-н', '', 1),
(24730, 5382, 'Oтделение №1 : ул. Островского, 60', '', 1),
(24731, 5383, 'Oтделение №1 : ул. Терешковой, 3/1', '', 1),
(24732, 5384, 'Oтделение №1 : ул. Главная, 43', '', 1),
(24733, 5385, 'Oтделение №1 : ул. Гвардейская, 66', '', 1),
(24734, 660, 'Отделение №42 : ул. Иванова, 11/13', '', 1),
(24735, 119, 'Отделение №16 : просп. Коцюбинского, 70', '', 1),
(24736, 5386, 'Oтделение №1: ул. Коломойца, 197а', '', 1),
(24737, 345, 'Oтделение №3 (до 30 кг): ул. Энергетиков, 5', '', 1),
(24738, 78, 'Oтделение № 5 (до 30 кг): ул. Шевченко, 4а', '', 1),
(24739, 5387, 'Oтделение №1: ул. Коцюбинского, 8', '', 1),
(24740, 5388, 'Oтделение №1: ул. Анатолия Соловьяненко, 68', '', 1),
(24741, 5389, 'Oтделение №1: ул. Кошута, 16', '', 1),
(24742, 5390, 'Oтделение №1: ул. Центральная, 131б', '', 1),
(24743, 643, 'Oтделение №2 (до 30кг): ул. Ленина, 80', '', 1),
(24744, 348, 'Oтделение №2 (до 30 кг): ул. Садовая, 1', '', 1),
(24745, 5391, 'Oтделение №1: ул. Сагайдачного, 47', '', 1),
(24746, 5392, 'Oтделение №1: ул. Братьев Ковтун, 1а', '', 1),
(24747, 5393, 'Oтделение №1: ул. Галицкая, 29а', '', 1),
(24748, 5394, 'Oтделение №1: ул. Ленина, 65а', '', 1),
(24749, 5395, 'Oтделение №1: пл. Авиации, 24/11', '', 1),
(24750, 5396, 'Oтделение №1: ул. Заводская, 28', '', 1),
(24751, 5397, 'Oтделение №1: ул. Купчинского, 13', '', 1),
(24752, 5398, 'Oтделение №1: ул. Тернопольская, 60', '', 1),
(24753, 5399, 'Oтделение №1: ул. Шевченко, 17', '', 1),
(24754, 5400, 'Oтделение №1: ул. Ленина, 106', '', 1),
(24755, 5401, 'Oтделение №1: ул. Главная, 28', '', 1),
(24756, 5402, 'Oтделение №1: ул. Дзержинского, 32', '', 1),
(24757, 5403, 'Oтделение №1: ул. Ленина, 29', '', 1),
(24758, 5404, 'Oтделение № 1: ул. Центральная, 24а', '', 1),
(24759, 5405, 'Oтделение №1: ул. Геническая, 3а', '', 1),
(24760, 5406, 'Oтделение №1: ул. Чкалова, 2г', '', 1);

CREATE TABLE IF NOT EXISTS `oc_np_country` (
  `country_id` int(11) NOT NULL AUTO_INCREMENT,
  `name` varchar(128) NOT NULL,
  `iso_code_2` varchar(2) NOT NULL,
  `iso_code_3` varchar(3) NOT NULL,
  `address_format` text NOT NULL,
  `postcode_required` tinyint(1) NOT NULL,
  `status` tinyint(1) NOT NULL DEFAULT '1',
  PRIMARY KEY (`country_id`)
) ENGINE=MyISAM  DEFAULT CHARSET=utf8 AUTO_INCREMENT=26;

INSERT INTO `oc_np_country` (`country_id`, `name`, `iso_code_2`, `iso_code_3`, `address_format`, `postcode_required`, `status`) VALUES
(1, 'Одесская область', 'UA', 'UKR', '', 0, 1),
(2, 'Николаевская область', 'UA', 'UKR', '', 0, 1),
(3, 'Львовская область', 'UA', 'UKR', '', 0, 1),
(4, 'Черниговская область', 'UA', 'UKR', '', 0, 1),
(5, 'Черкасская область', 'UA', 'UKR', '', 0, 1),
(6, 'Хмельницкая область', 'UA', 'UKR', '', 0, 1),
(7, 'Херсонская область', 'UA', 'UKR', '', 0, 1),
(8, 'Харьковская область', 'UA', 'UKR', '', 0, 1),
(9, 'Тернопольская область', 'UA', 'UKR', '', 0, 1),
(10, 'Сумская область', 'UA', 'UKR', '', 0, 1),
(11, 'Ровненская область', 'UA', 'UKR', '', 0, 1),
(12, 'Полтавская область', 'UA', 'UKR', '', 0, 1),
(13, 'Черновицкая область', 'UA', 'UKR', '', 0, 1),
(14, 'Луганская область', 'UA', 'UKR', '', 0, 1),
(15, 'Кировоградская область', 'UA', 'UKR', '', 0, 1),
(16, 'Киевская область', 'UA', 'UKR', '', 0, 1),
(17, 'Ивано-Франковская область', 'UA', 'UKR', '', 0, 1),
(18, 'Запорожская область', 'UA', 'UKR', '', 0, 1),
(19, 'Закарпатская область', 'UA', 'UKR', '', 0, 1),
(20, 'Житомирская область', 'UA', 'UKR', '', 0, 1),
(21, 'Днепропетровская область', 'UA', 'UKR', '', 0, 1),
(22, 'Волынская область', 'UA', 'UKR', '', 0, 1),
(23, 'Винницкая область', 'UA', 'UKR', '', 0, 1),
(25, 'Донецкая область', 'UA', 'UKR', '', 0, 1),
(24, 'АР Крым', 'UA', 'UKR', '', 0, 1);

CREATE TABLE IF NOT EXISTS `oc_np_zone` (
  `zone_id` int(11) NOT NULL AUTO_INCREMENT,
  `country_id` int(11) NOT NULL,
  `name` varchar(128) NOT NULL,
  `code` varchar(32) NOT NULL,
  `status` tinyint(1) NOT NULL DEFAULT '1',
  PRIMARY KEY (`zone_id`)
) ENGINE=MyISAM  DEFAULT CHARSET=utf8 AUTO_INCREMENT=5407;

INSERT INTO `oc_np_zone` (`zone_id`, `country_id`, `name`, `code`, `status`) VALUES
(9, 1, 'Ананьев', '', 1),
(18, 1, 'Арциз', '', 1),
(25, 1, 'Балта', '', 1),
(35, 1, 'Белгород-Днестровский', '', 1),
(46, 1, 'Беляевка', '', 1),
(55, 1, 'Березовка', '', 1),
(64, 1, 'Болград (Измаил)', '', 1),
(99, 1, 'Великая Михайловка', '', 1),
(108, 1, 'Великодолинское', '', 1),
(247, 1, 'Ивановка', '', 1),
(249, 1, 'Измаил', '', 1),
(255, 1, 'Ильичевск', '', 1),
(284, 1, 'Килия', '', 1),
(295, 1, 'Кодыма', '', 1),
(302, 1, 'Коминтерновское', '', 1),
(319, 1, 'Котовск', '', 1),
(329, 1, 'Краснознамянка', '', 1),
(334, 1, 'Красные Окны', '', 1),
(375, 1, 'Любашевка', '', 1),
(430, 1, 'Николаевка', '', 1),
(463, 1, 'Овидиополь', '', 1),
(465, 1, 'Одесса', '', 1),
(529, 1, 'Раздельная', '', 1),
(535, 1, 'Рени', '', 1),
(551, 1, 'Саврань', '', 1),
(554, 1, 'Сарата', '', 1),
(622, 1, 'Тарутино', '', 1),
(623, 1, 'Татарбунары', '', 1),
(627, 1, 'Теплодар', '', 1),
(658, 1, 'Фрунзовка', '', 1),
(700, 1, 'Шевченково (Измаил)', '', 1),
(704, 1, 'Ширяево', '', 1),
(715, 1, 'Южное', '', 1),
(15, 2, 'Арбузинка', '', 1),
(24, 2, 'Баловное', '', 1),
(32, 2, 'Баштанка', '', 1),
(51, 2, 'Березанка', '', 1),
(53, 2, 'Березнеговатое', '', 1),
(76, 2, 'Братское', '', 1),
(115, 2, 'Веселиново', '', 1),
(126, 2, 'Вознесенск', '', 1),
(139, 2, 'Врадиевка', '', 1),
(197, 2, 'Доманевка', '', 1),
(208, 2, 'Еланец', '', 1),
(262, 2, 'Казанка', '', 1),
(340, 2, 'Кривое Озеро', '', 1),
(426, 2, 'Николаев', '', 1),
(434, 2, 'Новая Одесса', '', 1),
(457, 2, 'Новый Буг', '', 1),
(479, 2, 'Очаков', '', 1),
(484, 2, 'Первомайск', '', 1),
(487, 2, 'Первомайское (Заселье)', '', 1),
(586, 2, 'Снигиревка', '', 1),
(716, 2, 'Южноукраинск', '', 1),
(68, 3, 'Бориcлав', '', 1),
(79, 3, 'Броды', '', 1),
(85, 3, 'Буск', '', 1),
(165, 3, 'Городок', '', 1),
(193, 3, 'Добротвор', '', 1),
(200, 3, 'Дрогобыч', '', 1),
(213, 3, 'Жидачов', '', 1),
(216, 3, 'Жовква', '', 1),
(239, 3, 'Золочев', '', 1),
(270, 3, 'Каменка-Бугская', '', 1),
(373, 3, 'Львов', '', 1),
(383, 3, 'Малехов', '', 1),
(411, 3, 'Моршин', '', 1),
(413, 3, 'Мостиска', '', 1),
(427, 3, 'Николаев', '', 1),
(453, 3, 'Новояворовск', '', 1),
(458, 3, 'Новый Роздол', '', 1),
(489, 3, 'Перемышляны', '', 1),
(521, 3, 'Пустомыты', '', 1),
(525, 3, 'Рава-Русская', '', 1),
(526, 3, 'Радехов', '', 1),
(553, 3, 'Самбор', '', 1),
(576, 3, 'Сколе', '', 1),
(589, 3, 'Сокаль', '', 1),
(596, 3, 'Сосновка', '', 1),
(608, 3, 'Старый Самбор', '', 1),
(610, 3, 'Стебник', '', 1),
(614, 3, 'Стрый', '', 1),
(642, 3, 'Трускавец', '', 1),
(646, 3, 'Турка', '', 1),
(662, 3, 'Хиров', '', 1),
(665, 3, 'Ходоров', '', 1),
(677, 3, 'Червоноград', '', 1),
(717, 3, 'Яворов', '', 1),
(5307, 3, 'Дубляны', '', 1),
(5309, 3, 'Новый Ярычев', '', 1),
(1, 25, 'Авдеевка', '', 1),
(2, 18, 'Акимовка', '', 1),
(3, 15, 'Александрия', '', 1),
(4, 15, 'Александровка', '', 1),
(5, 24, 'Алупка', '', 1),
(6, 24, 'Алушта', '', 1),
(7, 14, 'Алчевск', '', 1),
(8, 25, 'Амвросиевка', '', 1),
(10, 8, 'Андреевка', '', 1),
(11, 20, 'Андрушевка', '', 1),
(12, 6, 'Антонины', '', 1),
(13, 14, 'Антрацит', '', 1),
(14, 21, 'Апостолово', '', 1),
(16, 24, 'Армянск', '', 1),
(17, 25, 'Артемовск', '', 1),
(19, 4, 'Атюша', '', 1),
(20, 21, 'Аулы', '', 1),
(21, 10, 'Ахтырка', '', 1),
(22, 8, 'Балаклея', '', 1),
(23, 5, 'Балаклея', '', 1),
(26, 23, 'Бар', '', 1),
(27, 20, 'Барановка', '', 1),
(28, 8, 'Барвенково', '', 1),
(29, 16, 'Барышевка', '', 1),
(30, 4, 'Бахмач', '', 1),
(31, 24, 'Бахчисарай', '', 1),
(33, 8, 'Безлюдовка', '', 1),
(34, 16, 'Белая Церковь', '', 1),
(36, 12, 'Белики', '', 1),
(37, 25, 'Белицкое', '', 1),
(38, 14, 'Беловодск', '', 1),
(39, 16, 'Белогородка', '', 1),
(40, 24, 'Белогорск', '', 1),
(41, 6, 'Белогорье', '', 1),
(42, 14, 'Белое', '', 1),
(43, 7, 'Белозерка', '', 1),
(44, 14, 'Белокуракино', '', 1),
(45, 10, 'Белополье', '', 1),
(47, 20, 'Бердичев', '', 1),
(48, 18, 'Бердянск', '', 1),
(49, 19, 'Берегово', '', 1),
(50, 9, 'Бережаны', '', 1),
(52, 16, 'Березань', '', 1),
(54, 11, 'Березно', '', 1),
(56, 22, 'Берестечко', '', 1),
(57, 7, 'Берислав', '', 1),
(58, 23, 'Бершадь', '', 1),
(59, 8, 'Близнецы', '', 1),
(60, 15, 'Бобринец', '', 1),
(61, 4, 'Бобровица', '', 1),
(62, 8, 'Богодухов', '', 1),
(63, 16, 'Богуслав', '', 1),
(65, 17, 'Болехов', '', 1),
(66, 15, 'Большая Виска', '', 1),
(67, 4, 'Борзна', '', 1),
(69, 16, 'Борисполь', '', 1),
(70, 16, 'Боровая', '', 1),
(71, 8, 'Боровая', '', 1),
(72, 16, 'Бородянка', '', 1),
(73, 10, 'Боромля', '', 1),
(74, 9, 'Борщев', '', 1),
(75, 16, 'Боярка', '', 1),
(77, 23, 'Брацлав', '', 1),
(78, 16, 'Бровары', '', 1),
(80, 17, 'Брошнев-Осада', '', 1),
(81, 20, 'Брусилов', '', 1),
(82, 14, 'Брянка', '', 1),
(83, 17, 'Бурштын', '', 1),
(84, 10, 'Бурынь', '', 1),
(86, 16, 'Буча', '', 1),
(87, 9, 'Бучач', '', 1),
(88, 8, 'Валки', '', 1),
(89, 23, 'Вапнярка', '', 1),
(90, 4, 'Варва', '', 1),
(91, 18, 'Васильевка', '', 1),
(92, 16, 'Васильков', '', 1),
(93, 21, 'Васильковка', '', 1),
(94, 5, 'Ватутино', '', 1),
(95, 7, 'Великая Александровка', '', 1),
(96, 12, 'Великая Багачка', '', 1),
(97, 16, 'Великая Дымерка', '', 1),
(98, 7, 'Великая Лепетиха', '', 1),
(100, 25, 'Великая Новоселка', '', 1),
(101, 10, 'Великая Писаревка', '', 1),
(102, 10, 'Великие Бубны', '', 1),
(103, 7, 'Великие Копани', '', 1),
(104, 12, 'Великие Крынки', '', 1),
(105, 19, 'Великий Березный', '', 1),
(106, 8, 'Великий Бурлук', '', 1),
(107, 19, 'Великий Бычков', '', 1),
(109, 15, 'Верблюжка', '', 1),
(110, 21, 'Верхнеднепровск', '', 1),
(111, 7, 'Верхний Рогачик', '', 1),
(112, 10, 'Верхняя Сироватка', '', 1),
(113, 17, 'Верховина', '', 1),
(114, 21, 'Верховцево', '', 1),
(116, 18, 'Веселое', '', 1),
(117, 13, 'Вижница', '', 1),
(118, 24, 'Вилино', '', 1),
(119, 23, 'Винница', '', 1),
(120, 19, 'Виноградов', '', 1),
(121, 6, 'Виньковцы', '', 1),
(122, 16, 'Вишневое', '', 1),
(123, 22, 'Владимир-Волынский', '', 1),
(124, 11, 'Владимирец', '', 1),
(125, 15, 'Власовка', '', 1),
(127, 6, 'Волковинцы', '', 1),
(128, 25, 'Волноваха', '', 1),
(129, 19, 'Воловец', '', 1),
(130, 16, 'Володарка', '', 1),
(131, 20, 'Володарск-Волынский', '', 1),
(132, 25, 'Володарское', '', 1),
(133, 6, 'Волочиск', '', 1),
(134, 8, 'Волчанск', '', 1),
(135, 21, 'Вольногорск', '', 1),
(136, 18, 'Вольнянск', '', 1),
(137, 10, 'Воронеж', '', 1),
(138, 24, 'Восход', '', 1),
(140, 7, 'Высокополье', '', 1),
(141, 16, 'Вышгород', '', 1),
(142, 19, 'Вышково', '', 1),
(143, 12, 'Гадяч', '', 1),
(144, 15, 'Гайворон', '', 1),
(145, 23, 'Гайсин', '', 1),
(146, 17, 'Галич', '', 1),
(147, 21, 'Гвардейское', '', 1),
(148, 7, 'Геническ', '', 1),
(149, 13, 'Герца', '', 1),
(150, 21, 'Глееватка', '', 1),
(151, 12, 'Глобино', '', 1),
(152, 10, 'Глухов', '', 1),
(153, 23, 'Глуховцы', '', 1),
(154, 13, 'Глыбокая', '', 1),
(155, 23, 'Гнивань', '', 1),
(156, 7, 'Голая Пристань', '', 1),
(157, 22, 'Голобы', '', 1),
(158, 15, 'Голованевск', '', 1),
(159, 25, 'Горловка', '', 1),
(160, 7, 'Горностаевка', '', 1),
(161, 17, 'Городенка', '', 1),
(162, 5, 'Городище', '', 1),
(163, 23, 'Городковка', '', 1),
(164, 4, 'Городня', '', 1),
(166, 6, 'Городок', '', 1),
(167, 22, 'Горохов', '', 1),
(168, 14, 'Горское', '', 1),
(169, 11, 'Гоща', '', 1),
(170, 12, 'Градижск', '', 1),
(171, 12, 'Гребенка', '', 1),
(172, 16, 'Гребенки', '', 1),
(173, 21, 'Губиниха', '', 1),
(174, 18, 'Гуляйполе', '', 1),
(175, 24, 'Гурзуф', '', 1),
(176, 9, 'Гусятин', '', 1),
(177, 8, 'Двуречная', '', 1),
(178, 25, 'Дебальцево', '', 1),
(179, 11, 'Демидовка', '', 1),
(180, 6, 'Деражня', '', 1),
(181, 24, 'Джанкой', '', 1),
(182, 25, 'Дзержинск', '', 1),
(183, 12, 'Диканька', '', 1),
(184, 25, 'Димитров', '', 1),
(185, 15, 'Дмитровка', '', 1),
(186, 18, 'Днепровка', '', 1),
(187, 21, 'Днепровское', '', 1),
(188, 21, 'Днепродзержинск', '', 1),
(189, 21, 'Днепропетровск', '', 1),
(190, 18, 'Днепрорудное', '', 1),
(191, 15, 'Добровеличковка', '', 1),
(192, 25, 'Доброполье', '', 1),
(194, 25, 'Докучаевск', '', 1),
(195, 17, 'Долина', '', 1),
(196, 15, 'Долинская', '', 1),
(198, 25, 'Донецк', '', 1),
(199, 5, 'Драбов', '', 1),
(201, 10, 'Дружба', '', 1),
(202, 25, 'Дружковка', '', 1),
(203, 11, 'Дубно', '', 1),
(204, 11, 'Дубровица', '', 1),
(205, 6, 'Дунаевцы', '', 1),
(206, 16, 'Дымер', '', 1),
(207, 24, 'Евпатория', '', 1),
(209, 20, 'Емильчино', '', 1),
(210, 25, 'Енакиево', '', 1),
(211, 5, 'Жашков', '', 1),
(212, 21, 'Желтые Воды', '', 1),
(214, 20, 'Житомир', '', 1),
(215, 23, 'Жмеринка', '', 1),
(217, 17, 'Заболотов', '', 1),
(218, 22, 'Заболотье', '', 1),
(219, 15, 'Завалье', '', 1),
(220, 9, 'Залещики', '', 1),
(221, 18, 'Запорожье', '', 1),
(222, 11, 'Заречное', '', 1),
(223, 13, 'Заставна', '', 1),
(224, 12, 'Засулье', '', 1),
(225, 8, 'Зачепиловка', '', 1),
(226, 9, 'Збараж', '', 1),
(227, 9, 'Зборов', '', 1),
(228, 5, 'Звенигородка', '', 1),
(229, 16, 'Згуровка', '', 1),
(230, 11, 'Здолбунов', '', 1),
(231, 21, 'Зеленодольск', '', 1),
(232, 12, 'Зеньков', '', 1),
(233, 14, 'Зимогорье', '', 1),
(234, 8, 'Змиев', '', 1),
(235, 15, 'Знаменка', '', 1),
(236, 10, 'Знобь-Новгородское', '', 1),
(237, 24, 'Золотое поле (Кировский р-н)', '', 1),
(238, 5, 'Золотоноша', '', 1),
(240, 8, 'Золочев', '', 1),
(241, 14, 'Зоринск', '', 1),
(242, 25, 'Зугрес', '', 1),
(243, 24, 'Зуя (Белогорский р-н.)', '', 1),
(244, 22, 'Иваничи', '', 1),
(245, 16, 'Иванков', '', 1),
(246, 7, 'Ивановка (Мелитополь)', '', 1),
(248, 17, 'Ивано-Франковск', '', 1),
(250, 8, 'Изюм', '', 1),
(251, 6, 'Изяслав', '', 1),
(252, 21, 'Илларионово', '', 1),
(253, 25, 'Иловайск', '', 1),
(254, 23, 'Ильинцы', '', 1),
(256, 14, 'Ирмино', '', 1),
(257, 16, 'Ирпень', '', 1),
(258, 19, 'Иршава', '', 1),
(259, 20, 'Иршанск', '', 1),
(260, 4, 'Ичня', '', 1),
(261, 16, 'Кагарлык', '', 1),
(263, 23, 'Казатин', '', 1),
(264, 7, 'Каланчак', '', 1),
(265, 16, 'Калиновка', '', 1),
(266, 23, 'Калиновка', '', 1),
(267, 17, 'Калуш', '', 1),
(268, 6, 'Каменец-Подольский', '', 1),
(269, 5, 'Каменка', '', 1),
(271, 18, 'Каменка-Днепровская', '', 1),
(272, 22, 'Камень-Каширский', '', 1),
(273, 18, 'Камышеваха', '', 1),
(274, 5, 'Канев', '', 1),
(275, 12, 'Карловка', '', 1),
(276, 5, 'Катеринополь', '', 1),
(277, 7, 'Каховка', '', 1),
(278, 11, 'Квасилов', '', 1),
(279, 8, 'Кегичевка', '', 1),
(280, 13, 'Кельменцы', '', 1),
(281, 24, 'Керчь', '', 1),
(282, 22, 'Киверцы', '', 1),
(283, 16, 'Киев', '', 1),
(285, 15, 'Кировоград', '', 1),
(286, 14, 'Кировск', '', 1),
(287, 25, 'Кировское', '', 1),
(288, 24, 'Кировское', '', 1),
(289, 13, 'Кицмань', '', 1),
(290, 16, 'Клавдиево-Тарасово', '', 1),
(291, 11, 'Клевань', '', 1),
(292, 12, 'Кобеляки', '', 1),
(293, 22, 'Ковель', '', 1),
(294, 8, 'Ковшаровка', '', 1),
(296, 4, 'Козелец', '', 1),
(297, 12, 'Козельщина', '', 1),
(298, 9, 'Козова', '', 1),
(299, 11, 'Козын', '', 1),
(300, 22, 'Колки', '', 1),
(301, 17, 'Коломыя', '', 1),
(303, 15, 'Компанеевка', '', 1),
(304, 12, 'Комсомольск', '', 1),
(305, 25, 'Комсомольское', '', 1),
(306, 8, 'Комсомольское', '', 1),
(307, 10, 'Конотоп', '', 1),
(308, 25, 'Константиновка', '', 1),
(309, 9, 'Копычинцы', '', 1),
(310, 11, 'Корец', '', 1),
(311, 4, 'Короп', '', 1),
(312, 20, 'Коростень', '', 1),
(313, 20, 'Коростышев', '', 1),
(314, 5, 'Корсунь-Шевченковский', '', 1),
(315, 4, 'Корюковка', '', 1),
(316, 17, 'Косов', '', 1),
(317, 11, 'Костополь', '', 1),
(318, 12, 'Котельва', '', 1),
(320, 16, 'Коцюбинское', '', 1),
(321, 25, 'Краматорск', '', 1),
(322, 6, 'Красилов', '', 1),
(323, 5, 'Красная Слобода', '', 1),
(324, 25, 'Красноармейск', '', 1),
(325, 24, 'Красногвардейское', '', 1),
(326, 25, 'Красногоровка', '', 1),
(327, 8, 'Красноград', '', 1),
(328, 14, 'Краснодон', '', 1),
(330, 8, 'Краснокутск', '', 1),
(331, 8, 'Краснопавловка', '', 1),
(332, 24, 'Красноперекопск', '', 1),
(333, 10, 'Краснополье', '', 1),
(335, 25, 'Красный Лиман', '', 1),
(336, 14, 'Красный Луч', '', 1),
(337, 9, 'Кременец', '', 1),
(338, 14, 'Кременная', '', 1),
(339, 12, 'Кременчуг', '', 1),
(341, 21, 'Кривой Рог', '', 1),
(342, 21, 'Кринички', '', 1),
(343, 10, 'Кролевец', '', 1),
(344, 23, 'Крыжополь', '', 1),
(345, 11, 'Кузнецовск', '', 1),
(346, 18, 'Куйбышево', '', 1),
(347, 4, 'Куликовка', '', 1),
(348, 8, 'Купянск', '', 1),
(349, 8, 'Купянск-Узловой', '', 1),
(350, 25, 'Курахове', '', 1),
(351, 4, 'Ладан', '', 1),
(352, 23, 'Ладыжин', '', 1),
(353, 12, 'Лазорки (Оржицкий р-н)', '', 1),
(354, 9, 'Лановцы', '', 1),
(355, 10, 'Лебедин', '', 1),
(356, 24, 'Ленино', '', 1),
(357, 6, 'Летичев', '', 1),
(358, 10, 'Липовая Долина', '', 1),
(359, 23, 'Липовец', '', 1),
(360, 14, 'Лисичанск', '', 1),
(361, 23, 'Литин', '', 1),
(362, 21, 'Лозоватка', '', 1),
(363, 8, 'Лозовая', '', 1),
(364, 22, 'Локачи', '', 1),
(365, 12, 'Лохвица', '', 1),
(366, 12, 'Лубны', '', 1),
(367, 14, 'Луганск', '', 1),
(368, 20, 'Лугины', '', 1),
(369, 22, 'Луков', '', 1),
(370, 14, 'Лутугино', '', 1),
(371, 22, 'Луцк', '', 1),
(372, 5, 'Лысянка', '', 1),
(374, 20, 'Любар', '', 1),
(376, 22, 'Любешов', '', 1),
(377, 22, 'Любомль', '', 1),
(378, 8, 'Люботин', '', 1),
(379, 21, 'Магдалиновка', '', 1),
(380, 16, 'Макаров', '', 1),
(381, 25, 'Макеевка', '', 1),
(382, 15, 'Малая Виска', '', 1),
(384, 20, 'Малин', '', 1),
(385, 13, 'Мамаевцы', '', 1),
(386, 25, 'Мангуш', '', 1),
(387, 22, 'Маневичи', '', 1),
(388, 5, 'Маньковка', '', 1),
(389, 21, 'Марганец', '', 1),
(390, 25, 'Мариуполь', '', 1),
(391, 14, 'Марковка', '', 1),
(392, 25, 'Марьинка', '', 1),
(393, 12, 'Машевка', '', 1),
(394, 6, 'Меджибож', '', 1),
(395, 19, 'Межгорье', '', 1),
(396, 21, 'Межевая', '', 1),
(397, 18, 'Мелитополь', '', 1),
(398, 14, 'Меловое', '', 1),
(399, 4, 'Мена', '', 1),
(400, 8, 'Мерефа', '', 1),
(401, 11, 'Мизоч', '', 1),
(402, 12, 'Миргород', '', 1),
(403, 16, 'Мироновка', '', 1),
(404, 25, 'Мироновский', '', 1),
(405, 18, 'Михайловка', '', 1),
(406, 11, 'Млинов', '', 1),
(407, 23, 'Могилев - Подольский', '', 1),
(408, 14, 'Молодогвардейск', '', 1),
(409, 9, 'Монастыриска', '', 1),
(410, 5, 'Монастырище', '', 1),
(412, 25, 'Моспино', '', 1),
(414, 19, 'Мукачево', '', 1),
(415, 23, 'Мурованые Куриловцы', '', 1),
(416, 17, 'Надворная', '', 1),
(417, 20, 'Народичи', '', 1),
(418, 10, 'Недригайлов', '', 1),
(419, 4, 'Нежин', '', 1),
(420, 16, 'Немешаево', '', 1),
(421, 23, 'Немиров', '', 1),
(422, 6, 'Нетешин', '', 1),
(423, 24, 'Нижнегорский', '', 1),
(424, 19, 'Нижние Ворота', '', 1),
(425, 7, 'Нижние Серогозы', '', 1),
(428, 21, 'Николаевка', '', 1),
(429, 25, 'Николаевка', '', 1),
(431, 21, 'Никополь', '', 1),
(432, 8, 'Новая Водолага', '', 1),
(433, 7, 'Новая Каховка', '', 1),
(435, 6, 'Новая Ушица', '', 1),
(436, 15, 'Новгородка', '', 1),
(437, 4, 'Новгород-Северский', '', 1),
(438, 25, 'Новоазовск', '', 1),
(439, 14, 'Новоайдар', '', 1),
(440, 15, 'Новоархангельск', '', 1),
(441, 22, 'Нововолынск', '', 1),
(442, 7, 'Нововоронцовка', '', 1),
(443, 20, 'Новоград-Волынский', '', 1),
(444, 25, 'Новогродовка', '', 1),
(445, 13, 'Новоднестровск', '', 1),
(446, 15, 'Новомиргород', '', 1),
(447, 21, 'Новомосковск', '', 1),
(448, 14, 'Новопсков', '', 1),
(449, 13, 'Новоселица', '', 1),
(450, 16, 'Новоселки (Киево-Святошинский р-н)', '', 1),
(451, 7, 'Новотроицкое', '', 1),
(452, 15, 'Новоукраинка', '', 1),
(454, 20, 'Новые Белокоровичи', '', 1),
(455, 16, 'Новые Петровцы', '', 1),
(456, 12, 'Новые Санжары', '', 1),
(459, 25, 'Новый Свет', '', 1),
(460, 4, 'Носовка', '', 1),
(461, 12, 'Оболонь (Семеновский р-н)', '', 1),
(462, 16, 'Обухов', '', 1),
(464, 20, 'Овруч', '', 1),
(466, 11, 'Оженин', '', 1),
(467, 24, 'Октябрьское', '', 1),
(468, 20, 'Олевск', '', 1),
(469, 23, 'Ольгополь', '', 1),
(470, 8, 'Ольшани', '', 1),
(471, 15, 'Ольшанка', '', 1),
(472, 15, 'Онуфриевка', '', 1),
(473, 12, 'Опошня', '', 1),
(474, 23, 'Оратов', '', 1),
(475, 21, 'Орджоникидзе', '', 1),
(476, 18, 'Орехов', '', 1),
(477, 12, 'Оржица', '', 1),
(478, 11, 'Острог', '', 1),
(480, 21, 'Павлоград', '', 1),
(481, 15, 'Павлыш', '', 1),
(482, 4, 'Парафиевка', '', 1),
(483, 14, 'Первомайск', '', 1),
(485, 8, 'Первомайский', '', 1),
(486, 24, 'Первомайское', '', 1),
(488, 14, 'Перевальск', '', 1),
(490, 19, 'Перечин', '', 1),
(491, 21, 'Перещепино', '', 1),
(492, 16, 'Переяслав-Хмельницкий', '', 1),
(493, 21, 'Першотравенск', '', 1),
(494, 20, 'Першотравневое', '', 1),
(495, 16, 'Песковка', '', 1),
(496, 23, 'Песчанка', '', 1),
(497, 21, 'Петриковка', '', 1),
(498, 15, 'Петрово', '', 1),
(499, 16, 'Петровское', '', 1),
(500, 21, 'Петропавловка', '', 1),
(501, 8, 'Печенеги', '', 1),
(502, 12, 'Пирятин', '', 1),
(503, 15, 'Побугское', '', 1),
(504, 23, 'Погребище', '', 1),
(505, 9, 'Подволочиск', '', 1),
(506, 9, 'Подгайцы', '', 1),
(507, 21, 'Подгородное', '', 1),
(508, 21, 'Покровское', '', 1),
(509, 18, 'Пологи', '', 1),
(510, 6, 'Полонное', '', 1),
(511, 12, 'Полтава', '', 1),
(512, 17, 'Поляница (Буковель)', '', 1),
(513, 15, 'Помошная', '', 1),
(514, 6, 'Понинка', '', 1),
(515, 14, 'Попасная', '', 1),
(516, 20, 'Попельня', '', 1),
(517, 9, 'Почаев', '', 1),
(518, 18, 'Приазовское', '', 1),
(519, 4, 'Прилуки', '', 1),
(520, 18, 'Приморск', '', 1),
(522, 10, 'Путивль', '', 1),
(523, 13, 'Путила', '', 1),
(524, 21, 'Пятихатки', '', 1),
(527, 11, 'Радивилов', '', 1),
(528, 20, 'Радомышль', '', 1),
(530, 24, 'Раздольное', '', 1),
(531, 16, 'Ракитное (Белая Церковь)', '', 1),
(532, 22, 'Ратно', '', 1),
(533, 11, 'Рафаловка', '', 1),
(534, 19, 'Рахов', '', 1),
(536, 4, 'Репки', '', 1),
(537, 12, 'Решетиловка', '', 1),
(538, 16, 'Ржищев', '', 1),
(539, 14, 'Ровеньки', '', 1),
(540, 11, 'Ровно', '', 1),
(541, 15, 'Ровное (Новоукраинский р-н)', '', 1),
(542, 17, 'Рогатин', '', 1),
(543, 22, 'Рожище', '', 1),
(544, 17, 'Рожнятов', '', 1),
(545, 11, 'Рокитное', '', 1),
(546, 20, 'Романов', '', 1),
(547, 10, 'Ромны', '', 1),
(548, 14, 'Рубежное', '', 1),
(549, 20, 'Ружин', '', 1),
(550, 5, 'Русская Поляна', '', 1),
(552, 24, 'Саки', '', 1),
(555, 11, 'Сарны', '', 1),
(556, 6, 'Сатанов', '', 1),
(557, 8, 'Сахновщина', '', 1),
(558, 19, 'Свалява', '', 1),
(559, 14, 'Сватово', '', 1),
(560, 14, 'Свердловск', '', 1),
(561, 10, 'Свеса', '', 1),
(562, 15, 'Светловодск', '', 1),
(563, 25, 'Светлодарск', '', 1),
(564, 25, 'Святогорск', '', 1),
(565, 24, 'Севастополь', '', 1),
(566, 14, 'Северодонецк', '', 1),
(567, 25, 'Селидово', '', 1),
(568, 12, 'Семеновка (Кременчуг)', '', 1),
(569, 4, 'Семеновка', '', 1),
(570, 4, 'Серебряное', '', 1),
(571, 10, 'Середина-Буда', '', 1),
(572, 24, 'Симферополь', '', 1),
(573, 21, 'Синельниково', '', 1),
(574, 7, 'Скадовск', '', 1),
(575, 16, 'Сквира', '', 1),
(577, 6, 'Славута', '', 1),
(578, 4, 'Славутич', '', 1),
(579, 14, 'Славяносербск', '', 1),
(580, 25, 'Славянск', '', 1),
(581, 20, 'Словечное', '', 1),
(582, 5, 'Смела', '', 1),
(583, 15, 'Смолино', '', 1),
(584, 11, 'Смыга', '', 1),
(585, 25, 'Снежное', '', 1),
(587, 17, 'Снятин', '', 1),
(588, 24, 'Советский', '', 1),
(590, 13, 'Сокиряны', '', 1),
(591, 25, 'Соледар', '', 1),
(592, 21, 'Соленое', '', 1),
(593, 8, 'Солоницевка', '', 1),
(594, 19, 'Солотвино', '', 1),
(595, 4, 'Сосница', '', 1),
(597, 21, 'Софиевка', '', 1),
(598, 16, 'Ставище', '', 1),
(599, 7, 'Станислав', '', 1),
(600, 14, 'Станица Луганская', '', 1),
(601, 22, 'Старая Выжевка', '', 1),
(602, 6, 'Старая Синява', '', 1),
(603, 14, 'Старобельск', '', 1),
(604, 25, 'Старобешево', '', 1),
(605, 22, 'Старовойтово', '', 1),
(606, 6, 'Староконстантинов', '', 1),
(607, 24, 'Старый Крым', '', 1),
(609, 14, 'Стаханов', '', 1),
(611, 13, 'Сторожинец', '', 1),
(612, 16, 'Стоянка', '', 1),
(613, 23, 'Стрижавка', '', 1),
(615, 24, 'Судак', '', 1),
(616, 10, 'Сумы', '', 1),
(617, 14, 'Суходольск', '', 1),
(618, 14, 'Счастье', '', 1),
(619, 4, 'Талалаевка', '', 1),
(620, 5, 'Тальное', '', 1),
(621, 16, 'Тараща', '', 1),
(624, 25, 'Тельманово', '', 1),
(625, 6, 'Теофиполь', '', 1),
(626, 23, 'Теплик', '', 1),
(628, 9, 'Теребовля', '', 1),
(629, 12, 'Терешки', '', 1),
(630, 21, 'Терновка', '', 1),
(631, 9, 'Тернополь', '', 1),
(632, 16, 'Тетиев', '', 1),
(633, 17, 'Тлумач', '', 1),
(634, 18, 'Токмак', '', 1),
(635, 21, 'Томаковка', '', 1),
(636, 11, 'Томашгород', '', 1),
(637, 23, 'Томашполь', '', 1),
(638, 25, 'Торез', '', 1),
(639, 14, 'Троицкое', '', 1),
(640, 10, 'Тростянец', '', 1),
(641, 23, 'Тростянец', '', 1),
(643, 23, 'Тульчин', '', 1),
(644, 23, 'Турбов', '', 1),
(645, 22, 'Турийск', '', 1),
(647, 23, 'Тывров', '', 1),
(648, 19, 'Тячев', '', 1),
(649, 25, 'Угледар', '', 1),
(650, 19, 'Ужгород', '', 1),
(651, 16, 'Узин', '', 1),
(652, 16, 'Украинка', '', 1),
(653, 15, 'Ульяновка', '', 1),
(654, 5, 'Умань', '', 1),
(655, 22, 'Устилуг', '', 1),
(656, 16, 'Фастов', '', 1),
(657, 24, 'Феодосия', '', 1),
(659, 25, 'Харцызск', '', 1),
(660, 8, 'Харьков', '', 1),
(661, 7, 'Херсон', '', 1),
(663, 23, 'Хмельник', '', 1),
(664, 6, 'Хмельницкий', '', 1),
(666, 12, 'Хорол', '', 1),
(667, 9, 'Хоростков', '', 1),
(668, 13, 'Хотин', '', 1),
(669, 5, 'Христиновка', '', 1),
(670, 19, 'Хуст', '', 1),
(671, 21, 'Царичанка', '', 1),
(672, 8, 'Циркуны', '', 1),
(673, 7, 'Цюрупинск', '', 1),
(674, 7, 'Чаплинка', '', 1),
(675, 6, 'Чемеровцы', '', 1),
(676, 20, 'Червоноармейск', '', 1),
(678, 12, 'Червонозаводское', '', 1),
(679, 14, 'Червонопартизанск', '', 1),
(680, 5, 'Черкассы', '', 1),
(681, 4, 'Чернигов', '', 1),
(682, 18, 'Черниговка', '', 1),
(683, 5, 'Чернобай', '', 1),
(684, 23, 'Черновцы', '', 1),
(685, 13, 'Черновцы', '', 1),
(686, 24, 'Черноморское', '', 1),
(687, 12, 'Чернухи', '', 1),
(688, 20, 'Черняхов', '', 1),
(689, 23, 'Чечельник', '', 1),
(690, 5, 'Чигирин', '', 1),
(691, 8, 'Чкаловское', '', 1),
(692, 19, 'Чоп', '', 1),
(693, 9, 'Чортков', '', 1),
(694, 8, 'Чугуев', '', 1),
(695, 20, 'Чуднов', '', 1),
(696, 12, 'Чутово', '', 1),
(697, 23, 'Шаргород', '', 1),
(698, 25, 'Шахтерск', '', 1),
(699, 22, 'Шацк', '', 1),
(701, 8, 'Шевченково', '', 1),
(702, 6, 'Шепетовка', '', 1),
(703, 21, 'Широкое', '', 1),
(705, 12, 'Шишаки', '', 1),
(706, 10, 'Шостка', '', 1),
(707, 23, 'Шпиков', '', 1),
(708, 5, 'Шпола', '', 1),
(709, 9, 'Шумск', '', 1),
(710, 24, 'Щебетовка', '', 1),
(711, 24, 'Щёлкино', '', 1),
(712, 4, 'Щорс', '', 1),
(713, 21, 'Щорск', '', 1),
(714, 18, 'Энергодар', '', 1),
(718, 16, 'Яготин', '', 1),
(719, 24, 'Ялта', '', 1),
(720, 23, 'Ямполь', '', 1),
(721, 6, 'Ямполь', '', 1),
(722, 10, 'Ямполь (Шостка)', '', 1),
(723, 6, 'Ярмолинцы', '', 1),
(724, 25, 'Ясиноватая', '', 1),
(725, 19, 'Ясиня', '', 1),
(5306, 22, 'Торчин', '', 1),
(5308, 7, 'Брилевка', '', 1),
(5310, 4, 'Новый Быков', '', 1),
(5311, 16, 'Глеваха', '', 1),
(5312, 16, 'Демидов', '', 1),
(5313, 4, 'Березна', '', 1),
(5315, 18, 'Новониколаевка', '', 1),
(5314, 1, 'Троицкое', '', 1),
(5316, 20, 'Лопатычи', '', 1),
(5317, 23, 'Вийтовка', '', 1),
(5318, 21, 'Кировское (Днепропетровск)', '', 1),
(5319, 6, 'Войтовци', '', 1),
(5320, 23, 'Кирсановка', '', 1),
(5321, 13, 'Вашковци', '', 1),
(5322, 20, 'Довбыш', '', 1),
(5323, 13, 'Каменка (Черновцы)', '', 1),
(5324, 2, 'Высунск', '', 1),
(5325, 23, 'Сутиски', '', 1),
(5326, 19, 'Великие Лучки', '', 1),
(5327, 22, 'Головно', '', 1),
(5328, 12, 'Родаково', '', 1),
(5329, 17, 'Отыния', '', 1),
(5330, 9, 'Вишневец', '', 1),
(5331, 8, 'Червоный Донец', '', 1),
(5332, 14, 'Чернухино', '', 1),
(5333, 18, 'Благовещенка', '', 1),
(5334, 19, 'Яноши', '', 1),
(5335, 20, 'Гранитное', '', 1),
(5336, 17, 'Перегинское', '', 1),
(5337, 19, 'Белки', '', 1),
(5338, 23, 'Калиновка(Винница)', '', 1),
(5339, 23, 'Комсомольское (Винницкая обл.)', '', 1),
(5340, 3, 'Судовая Вишня', '', 1),
(5341, 3, 'Бобрка', '', 1),
(5342, 23, 'Вороновица', '', 1),
(5343, 14, 'Мостки (Сватовский р-н)', '', 1),
(5344, 6, 'Закупное', '', 1),
(5345, 20, 'Игнатполь', '', 1),
(5346, 14, 'Артёмовск (Луганск)', '', 1),
(5347, 10, 'Ворожба (Белопольский р-н)', '', 1),
(5348, 12, 'Гоголево', '', 1),
(5349, 15, 'Остер', '', 1),
(5350, 23, 'Агрономичное', '', 1),
(5352, 13, 'Бояны', '', 1),
(5353, 19, 'Оноковцы (ст. Доманинцы)', '', 1),
(5354, 22, 'Доманово', '', 1),
(5355, 3, 'Добромыль', '', 1),
(5356, 19, 'Середнее', '', 1),
(5357, 15, 'Новое', '', 1),
(5358, 21, 'Мелиоративное', '', 1),
(5359, 4, 'Червоное', '', 1),
(5360, 16, 'Тарасовка', '', 1),
(5361, 9, 'Микулинцы', '', 1),
(5362, 23, 'Джулинка', '', 1),
(5363, 9, 'Толстое', '', 1),
(5364, 5, 'Мошни', '', 1),
(5365, 2, 'Зеленогорск', '', 1),
(5366, 23, 'Самгородок', '', 1),
(5367, 5, 'Цибулев', '', 1),
(5368, 11, 'Сосновое', '', 1),
(5369, 22, 'Сошично', '', 1),
(5370, 21, 'Радушное', '', 1),
(5371, 21, 'Голубовка', '', 1),
(5372, 18, 'Молочанск', '', 1),
(5373, 15, 'Знамянка Вторая', '', 1),
(5374, 16, 'Крюковщина', '', 1),
(5375, 15, 'Богдановка', '', 1),
(5376, 12, 'Лютенька', '', 1),
(5377, 12, 'Яреськи', '', 1),
(5378, 16, 'Милая', '', 1),
(5379, 3, 'Давидов', '', 1),
(5380, 18, 'Балабино', '', 1),
(5381, 12, 'Великие Сорочинцы', '', 1),
(5382, 6, 'Летава', '', 1),
(5383, 6, 'Грицев', '', 1),
(5384, 13, 'Романковцы', '', 1),
(5385, 1, 'Черноморское', '', 1),
(5386, 11, 'Городец', '', 1),
(5387, 16, 'Чайки', '', 1),
(5388, 16, 'Козин', '', 1),
(5389, 19, 'Косонь', '', 1),
(5390, 18, 'Великая Белозерка', '', 1),
(5391, 3, 'Великие Мосты', '', 1),
(5392, 10, 'Поповка', '', 1),
(5393, 3, 'Винники', '', 1),
(5394, 5, 'Ирклиев', '', 1),
(5395, 3, 'Новый Калинов', '', 1),
(5396, 13, 'Лужаны', '', 1),
(5397, 9, 'Скала-Подольская', '', 1),
(5398, 9, 'Скалат', '', 1),
(5399, 1, 'Жеребково', '', 1),
(5400, 1, 'Кучурган', '', 1),
(5401, 13, 'Неполоковцы', '', 1),
(5402, 11, 'Клесов', '', 1),
(5403, 1, 'Вилково', '', 1),
(5404, 3, 'Лопатин', '', 1),
(5405, 7, 'Партизаны', '', 1),
(5406, 23, 'Дашев', '', 1);